id,Unnamed: 0,market_cap_usd,name,symbol,dominance,Popularity,percentPopularity,average,stdDeviation,spreadAboutMean,kurtosis,skewness,rating,90dayClosingPrices
bitcoin,0,154028206342.0,Bitcoin,BTC,36.136650724952275,682.0,8.724574645004477,8813.404505494505,1256.2731456615913,65.93406593406593,-0.5386217169639322,0.24981786423284472,8.709104589957038,"[9114.72, 8870.82, 9251.27, 8218.05, 6937.08, 7701.25, 7592.72, 8260.69, 8696.83, 8569.29, 8084.61, 8911.27, 8544.69, 9485.64, 10033.75, 10188.73, 11097.21, 10417.23, 11182.28, 11256.43, 10481.66, 9847.96, 10175.51, 9705.73, 9610.11, 10326.5, 10594.76, 10334.44, 10929.37, 11043.12, 11465.36, 11504.42, 11440.73, 10735.45, 9928.56, 9316.72, 9252.76, 8797.27, 9544.84, 9142.15, 9160.12, 8217.7, 8268.41, 8283.23, 7883.45, 8215.4, 8623.14, 8920.71, 8911.35, 8724.98, 8934.8, 8548.06, 8472.84, 8152.2, 7808.48, 7959.78, 7106.62, 6853.76, 6943.77, 6835.84, 7074.6, 7434.3, 6815.5, 6790.45, 6634.86, 6917.2, 7049.92, 6789.53, 6871.07, 6977.13, 7927.73, 7899.11, 8022.51, 8376.73, 8079.77, 7921.63, 8189.96, 8301.82, 8877.08, 8935.72, 8823.36, 8968.25, 9655.77, 8873.62, 9282.12, 8938.47, 9351.47, 9407.04, 9248.45, 9077.28, 9090.74]"
ethereum,1,66815631813.0,Ethereum,ETH,15.675655823923032,607.0,7.765127286682871,666.1045054945055,182.0020423944316,58.24175824175825,-1.2010977701332852,-0.015469775937454267,7.333173217268794,"[1026.19, 917.47, 970.87, 827.59, 695.08, 785.01, 751.81, 813.55, 877.88, 850.75, 811.24, 865.27, 840.98, 920.11, 927.95, 938.02, 974.77, 913.9, 939.79, 885.52, 840.1, 804.63, 854.7, 833.49, 840.28, 867.62, 871.58, 851.5, 869.87, 855.6, 855.65, 864.83, 849.42, 815.69, 751.13, 698.83, 726.92, 682.3, 720.36, 697.02, 689.96, 613.15, 610.56, 600.53, 549.79, 537.38, 555.55, 557.57, 559.91, 539.89, 543.83, 520.16, 523.01, 486.25, 448.78, 445.93, 383.9, 393.82, 394.07, 378.85, 384.68, 415.93, 378.65, 381.36, 370.35, 384.98, 400.72, 399.02, 415.65, 430.42, 493.95, 494.96, 502.79, 534.15, 511.67, 503.03, 525.78, 567.25, 617.16, 605.17, 621.33, 644.13, 703.35, 617.73, 661.45, 643.33, 683.02, 689.31, 670.04, 670.81, 675.18]"
ripple,2,32825766484.0,Ripple,XRP,7.701272944627541,52.0,0.6652168351029807,0.7802890109890109,0.1806797193326986,69.23076923076923,-0.8335712644960322,-0.016777201162741912,2.8929051843229576,"[0.9503, 0.8989, 0.9595, 0.8166, 0.6805, 0.7619, 0.7157, 0.781, 0.9201, 1.03, 0.9607, 1.04, 0.9866, 1.13, 1.11, 1.11, 1.18, 1.07, 1.11, 1.03, 0.9512, 0.8904, 0.9402, 0.9009, 0.9012, 0.9296, 0.9276, 0.8853, 0.9155, 0.8983, 0.8984, 1.0, 0.9427, 0.9013, 0.8535, 0.8053, 0.8236, 0.775, 0.8173, 0.7822, 0.7777, 0.6876, 0.6841, 0.6779, 0.6278, 0.65, 0.7203, 0.6996, 0.6786, 0.6523, 0.6404, 0.629, 0.6341, 0.5874, 0.5703, 0.5733, 0.5031, 0.499, 0.5003, 0.4787, 0.4937, 0.5473, 0.4903, 0.4886, 0.4731, 0.4847, 0.4973, 0.4862, 0.4909, 0.5399, 0.6416, 0.6424, 0.6401, 0.6935, 0.6638, 0.6548, 0.7132, 0.7828, 0.9229, 0.8655, 0.862, 0.8736, 0.9213, 0.795, 0.8463, 0.8057, 0.8616, 0.8682, 0.8313, 0.834, 0.8419]"
bitcoin-cash,3,22985118662.0,Bitcoin Cash,BCH,5.392552602450121,0.0,0.0,1073.6826373626375,258.9235395469208,61.53846153846154,-1.0629514662603081,-0.21842156579968755,5.1348138150612535,"[1267.99, 1192.13, 1273.08, 1158.57, 884.0, 966.79, 954.34, 1280.55, 1299.97, 1240.62, 1210.99, 1282.63, 1220.89, 1353.18, 1359.47, 1530.44, 1543.21, 1453.37, 1521.92, 1393.77, 1287.06, 1210.0, 1256.52, 1182.03, 1172.58, 1244.42, 1234.2, 1200.33, 1285.01, 1276.64, 1272.26, 1285.24, 1266.93, 1207.43, 1095.91, 1033.96, 1065.69, 1003.78, 1138.84, 1051.06, 1053.55, 950.28, 939.68, 972.37, 948.93, 936.27, 994.67, 1062.82, 1031.78, 1015.19, 1029.74, 975.94, 975.38, 913.74, 877.69, 861.18, 711.13, 696.93, 685.47, 644.25, 663.98, 710.13, 651.52, 644.1, 610.89, 642.65, 657.44, 638.73, 652.58, 670.06, 737.84, 743.27, 739.16, 782.05, 769.81, 759.77, 895.45, 966.63, 1124.67, 1154.45, 1195.64, 1440.95, 1407.55, 1289.86, 1421.87, 1331.97, 1390.64, 1440.09, 1348.27, 1354.28, 1434.03]"
eos,4,15851701483.0,EOS,EOS,3.718977280144968,31.0,0.3965715747729308,8.59978021978022,3.410913956351101,85.71428571428571,3.1731638926917247,1.8081380744996796,3.329536275707315,"[10.03, 10.23, 10.64, 8.89, 7.06, 8.29, 7.67, 8.31, 9.48, 8.9, 8.33, 9.13, 8.94, 9.85, 9.84, 9.84, 10.02, 9.06, 9.49, 8.88, 8.34, 7.78, 8.26, 7.9, 7.69, 7.99, 8.39, 8.19, 8.55, 8.02, 7.92, 8.15, 7.95, 7.13, 6.43, 6.1, 6.02, 5.64, 6.04, 5.72, 5.79, 5.28, 5.12, 5.04, 4.63, 4.62, 6.18, 5.93, 6.9, 6.89, 6.94, 6.51, 6.43, 5.78, 5.8, 6.2, 5.88, 6.01, 5.93, 5.6, 5.82, 6.02, 5.67, 6.33, 5.84, 5.9, 5.98, 5.86, 6.0, 8.52, 8.83, 8.82, 8.71, 8.53, 8.12, 8.5, 9.04, 9.48, 11.45, 11.14, 11.3, 11.62, 15.11, 14.46, 15.44, 16.61, 18.78, 21.41, 17.46, 18.74, 18.54]"
cardano,5,9228377779.0,Cardano,ADA,2.165075296775047,11.0,0.140718945887169,0.2650945054945055,0.08579933574198843,57.14285714285714,-1.1937656338239695,0.128245688092707,5.409920839122936,"[0.4217, 0.4047, 0.464, 0.382, 0.317, 0.359, 0.331, 0.3449, 0.379, 0.381, 0.3488, 0.371, 0.3578, 0.393, 0.39, 0.39, 0.41, 0.36, 0.375, 0.346, 0.3328, 0.31, 0.3239, 0.2968, 0.3232, 0.3234, 0.328, 0.3038, 0.3, 0.2891, 0.2924, 0.3, 0.295, 0.277, 0.2401, 0.2125, 0.2157, 0.2003, 0.219, 0.218, 0.2174, 0.1933, 0.1837, 0.1741, 0.15, 0.155, 0.19, 0.1989, 0.2075, 0.1991, 0.1883, 0.1856, 0.1836, 0.1652, 0.1521, 0.1583, 0.1427, 0.1439, 0.1504, 0.1482, 0.1528, 0.1698, 0.152, 0.1459, 0.1418, 0.1458, 0.1566, 0.15, 0.1556, 0.1667, 0.2166, 0.2002, 0.2046, 0.2272, 0.2577, 0.2419, 0.2631, 0.2718, 0.3019, 0.2852, 0.2801, 0.2892, 0.3081, 0.2708, 0.2933, 0.2851, 0.3568, 0.3622, 0.3382, 0.3571, 0.3613]"
litecoin,6,8300897096.0,Litecoin,LTC,1.9474784923216273,39.0,0.49891262632723554,161.62999999999997,33.661858841414876,60.43956043956044,-0.8734772818405672,0.47105203629956205,6.351045209638755,"[141.37, 131.17, 161.0, 147.55, 125.04, 141.85, 137.84, 149.48, 163.9, 154.91, 149.06, 161.4, 159.05, 212.01, 221.08, 228.39, 229.41, 214.22, 221.97, 229.38, 210.26, 192.91, 206.6, 206.35, 218.31, 218.62, 215.15, 202.14, 209.32, 212.59, 210.29, 213.36, 210.8, 196.58, 186.04, 175.82, 186.38, 177.3, 188.39, 177.85, 175.47, 160.77, 164.28, 164.95, 152.65, 153.94, 161.51, 169.09, 168.71, 163.93, 168.85, 159.05, 160.31, 148.28, 134.88, 131.66, 114.66, 118.49, 116.32, 115.11, 119.26, 134.23, 118.36, 118.76, 113.18, 116.2, 117.87, 115.02, 114.41, 118.4, 129.71, 125.57, 126.53, 132.7, 128.84, 132.34, 140.48, 146.58, 155.73, 148.5, 146.67, 152.64, 164.69, 144.99, 153.22, 145.87, 151.96, 153.43, 148.27, 147.99, 147.88]"
stellar,7,8213149994.0,Stellar,XLM,1.926892091607071,33.0,0.422156837661507,0.31815164835164833,0.0825027836528547,61.53846153846154,-1.207796363232918,0.0012872706436460098,5.156929688314669,"[0.4556, 0.415, 0.4444, 0.384, 0.323, 0.3611, 0.3356, 0.353, 0.392, 0.388, 0.3623, 0.3845, 0.398, 0.4481, 0.4406, 0.447, 0.4784, 0.4347, 0.443, 0.3897, 0.3745, 0.3471, 0.3666, 0.3423, 0.3491, 0.3546, 0.3564, 0.3299, 0.338, 0.3186, 0.3477, 0.3624, 0.3492, 0.3337, 0.3252, 0.3091, 0.3076, 0.2895, 0.3034, 0.2883, 0.2878, 0.2447, 0.2392, 0.2296, 0.2077, 0.2191, 0.2473, 0.2662, 0.2511, 0.2419, 0.2368, 0.2323, 0.239, 0.2277, 0.2151, 0.2179, 0.1892, 0.1861, 0.204, 0.2049, 0.2243, 0.2318, 0.201, 0.1953, 0.1919, 0.1995, 0.2051, 0.1952, 0.198, 0.2135, 0.2454, 0.2456, 0.2529, 0.2954, 0.2856, 0.3008, 0.3545, 0.3665, 0.3916, 0.3733, 0.3649, 0.3713, 0.3956, 0.3369, 0.3867, 0.3853, 0.4296, 0.4583, 0.424, 0.4384, 0.4348]"
tron,8,6007122244.0,TRON,TRX,1.4093345858454465,23.0,0.2942305232186261,0.04567274725274725,0.013799879683018585,82.41758241758241,3.501630591668837,1.8945576963983612,3.1255399858454638,"[0.04681, 0.04201, 0.04664, 0.03872, 0.03032, 0.03624, 0.03267, 0.03828, 0.0469, 0.04815, 0.04219, 0.04581, 0.04308, 0.04607, 0.04643, 0.05273, 0.05493, 0.0496, 0.05172, 0.04729, 0.04494, 0.04035, 0.04319, 0.04077, 0.04021, 0.04187, 0.04258, 0.04364, 0.04872, 0.05325, 0.04919, 0.04819, 0.04673, 0.0441, 0.03864, 0.03711, 0.03747, 0.03534, 0.03875, 0.03662, 0.03628, 0.03139, 0.03033, 0.03043, 0.02885, 0.02932, 0.03276, 0.03855, 0.03727, 0.03818, 0.04202, 0.04927, 0.04534, 0.04422, 0.0433, 0.04879, 0.04341, 0.04136, 0.03413, 0.03229, 0.03599, 0.0349, 0.03024, 0.0393, 0.03671, 0.03724, 0.0379, 0.03606, 0.03731, 0.03657, 0.04029, 0.0393, 0.04055, 0.04367, 0.04122, 0.04248, 0.0477, 0.04936, 0.05399, 0.05332, 0.05207, 0.05879, 0.07248, 0.07004, 0.07407, 0.07338, 0.0819, 0.08836, 0.09296, 0.0923, 0.09003]"
neo,10,5409365000.0,NEO,NEO,1.2690943970012298,27.0,0.34540104899577845,86.86197802197803,27.29130917576124,57.14285714285714,-1.220737362295493,0.2626127977009948,5.774609616426463,"[125.59, 121.63, 124.49, 106.85, 82.06, 104.67, 102.04, 110.35, 114.73, 107.45, 101.77, 111.49, 108.37, 122.02, 121.17, 127.32, 134.22, 124.97, 136.2, 125.11, 118.16, 111.62, 119.02, 115.56, 116.95, 134.37, 140.19, 131.53, 128.74, 124.0, 121.32, 119.62, 111.67, 104.34, 100.11, 90.76, 92.02, 84.81, 90.62, 85.08, 83.13, 71.45, 69.06, 67.49, 60.75, 65.47, 72.66, 75.59, 72.48, 69.3, 69.15, 65.22, 65.31, 59.15, 55.4, 57.1, 51.77, 50.22, 50.13, 47.41, 48.95, 53.63, 47.65, 47.13, 45.1, 46.57, 49.47, 52.92, 52.78, 58.43, 67.1, 62.27, 64.26, 70.89, 67.1, 65.73, 73.04, 74.09, 79.3, 74.69, 73.74, 76.18, 82.37, 71.43, 77.09, 72.51, 76.73, 90.73, 84.01, 84.0, 83.32]"
monero,11,3947560126.0,Monero,XMR,0.9261394706646839,25.0,0.31981578610720224,242.1116483516484,50.916392776068626,64.83516483516483,-0.48520203460822886,0.4518512348604913,6.2327355204446455,"[241.75, 236.65, 252.35, 219.37, 180.08, 210.13, 206.51, 246.96, 257.88, 246.84, 227.61, 246.86, 233.75, 274.74, 295.54, 293.31, 320.48, 294.95, 314.39, 301.95, 308.19, 274.82, 279.2, 268.35, 278.51, 291.16, 300.54, 286.18, 313.45, 343.31, 349.91, 368.69, 370.32, 344.26, 336.95, 275.98, 285.23, 254.35, 280.29, 257.76, 247.47, 215.34, 212.27, 215.87, 197.56, 209.43, 218.16, 223.83, 218.58, 213.17, 215.63, 208.61, 211.41, 197.18, 188.0, 199.58, 176.84, 172.83, 181.06, 176.76, 178.7, 190.07, 171.17, 173.54, 163.21, 171.7, 175.79, 168.04, 168.79, 170.04, 193.01, 189.5, 191.76, 201.95, 195.27, 196.77, 229.21, 238.53, 272.73, 257.0, 270.3, 284.16, 292.97, 256.5, 267.93, 251.22, 261.55, 256.0, 241.68, 239.45, 244.49]"
dash,12,3784756845.0,Dash,DASH,0.887944094362564,31.0,0.3965715747729308,487.49725274725273,122.05998884592766,56.043956043956044,-1.0653022225895288,0.10921883455524455,5.394388582440408,"[619.61, 594.49, 636.41, 546.5, 451.27, 523.06, 520.83, 604.92, 635.73, 631.42, 577.95, 616.93, 592.84, 677.41, 696.01, 694.16, 739.43, 686.1, 727.72, 686.25, 661.47, 629.41, 632.1, 591.64, 593.21, 623.38, 612.05, 585.69, 621.06, 605.83, 613.87, 621.98, 615.21, 583.01, 514.9, 496.69, 502.01, 487.49, 530.25, 502.39, 490.76, 432.82, 419.05, 430.82, 392.9, 397.33, 413.41, 429.95, 434.61, 412.43, 432.54, 423.05, 414.64, 391.36, 356.63, 353.02, 330.94, 312.93, 310.25, 295.51, 316.25, 342.12, 303.13, 304.26, 289.86, 299.67, 312.4, 299.83, 302.55, 312.69, 359.74, 354.55, 360.47, 384.75, 366.4, 368.14, 423.32, 435.06, 462.76, 445.29, 470.29, 506.47, 525.86, 462.98, 504.34, 471.39, 496.35, 499.2, 472.87, 478.77, 472.86]"
nem,13,3612294000.0,NEM,XEM,0.8474824819033583,10.0,0.1279263144428809,0.3838241758241758,0.10916446845824554,62.637362637362635,-0.5382085757576087,0.446680607956226,6.16987016054887,"[0.6573, 0.5972, 0.6426, 0.5488, 0.4217, 0.5354, 0.5166, 0.5477, 0.5842, 0.5661, 0.5207, 0.5366, 0.5145, 0.5413, 0.5576, 0.5225, 0.5954, 0.5241, 0.5249, 0.4832, 0.463, 0.4298, 0.4424, 0.4109, 0.3987, 0.3967, 0.3962, 0.4041, 0.4073, 0.3929, 0.3683, 0.3485, 0.3443, 0.33, 0.2999, 0.3425, 0.3499, 0.3552, 0.3539, 0.3923, 0.4701, 0.4087, 0.3793, 0.3449, 0.2946, 0.2963, 0.2964, 0.312, 0.3045, 0.306, 0.2943, 0.2845, 0.2957, 0.2747, 0.2529, 0.2556, 0.2294, 0.2293, 0.2287, 0.2178, 0.2308, 0.2636, 0.2324, 0.2297, 0.2268, 0.2295, 0.2413, 0.2369, 0.2431, 0.2524, 0.2857, 0.2902, 0.3114, 0.3626, 0.3525, 0.3504, 0.3814, 0.3944, 0.4106, 0.3886, 0.3952, 0.4025, 0.4329, 0.3777, 0.4051, 0.3903, 0.4219, 0.4289, 0.4079, 0.405, 0.4054]"
tether,14,2420839039.0,Tether,USDT,0.5679545123016734,3.0,0.038377894332864274,1.0004978021978022,0.006172038650537722,85.71428571428571,11.8674905538104,2.1966400477442307,3.161212286401216,"[0.9793, 0.9896, 0.9941, 0.9941, 0.9859, 1.0, 0.9998, 0.999, 1.0, 1.0, 1.0, 1.0, 1.01, 1.0, 1.0, 1.0, 1.01, 1.01, 1.0, 1.0, 1.0, 1.0, 1.0, 1.0, 1.0, 1.0, 1.0, 1.0, 0.9999, 1.0, 1.0, 1.02, 1.0, 1.0, 1.0, 1.0, 1.0, 1.0, 1.0, 1.0, 1.0, 1.0, 1.0, 1.0, 1.0, 0.9973, 1.0, 1.0, 1.0, 1.0, 1.0, 1.0, 1.0, 1.0, 1.0, 1.0, 0.9978, 1.03, 1.03, 1.0, 1.0, 1.0, 1.0, 1.0, 1.0, 1.0, 0.9993, 1.0, 1.01, 0.9998, 0.9995, 1.0, 1.0, 1.0, 0.9999, 0.9992, 0.9998, 1.0, 1.0, 1.0, 1.0, 1.0, 1.0, 1.0, 1.0, 1.0, 0.9917, 1.0, 1.0, 1.0, 0.9993]"
vechain,15,2394361389.0,VeChain,VEN,0.5617425748079454,3.0,0.038377894332864274,4.105824175824175,1.0262211336937597,65.93406593406593,-0.336845242326969,0.39680783989068796,6.015657637680135,"[5.33, 4.91, 5.48, 4.51, 3.58, 4.17, 3.92, 4.28, 4.72, 4.38, 4.01, 4.33, 4.19, 4.96, 5.97, 5.79, 6.01, 5.43, 6.5, 6.54, 6.27, 5.6, 6.2, 5.58, 6.02, 5.66, 5.25, 4.78, 5.0, 4.6, 4.49, 4.6, 4.8, 4.84, 4.24, 3.77, 3.8, 3.5, 3.94, 3.97, 4.35, 3.97, 3.91, 4.02, 3.76, 3.88, 3.87, 3.71, 3.7, 3.55, 3.46, 3.41, 3.4, 3.26, 3.0, 2.9, 2.5, 2.42, 2.44, 2.29, 2.82, 2.99, 2.58, 2.51, 2.44, 2.62, 2.58, 2.63, 2.81, 2.9, 3.51, 3.35, 3.45, 3.63, 3.45, 3.42, 3.65, 3.83, 4.08, 3.92, 4.02, 3.97, 4.23, 3.66, 3.98, 3.81, 4.33, 4.75, 4.51, 4.59, 4.89]"
ethereum-classic,16,2167340744.0,Ethereum Classic,ETC,0.5084811238662721,0.0,0.0,22.16857142857143,7.147863520258247,63.73626373626373,-0.6024366790974351,0.7974274351142718,7.0062806158823365,"[25.01, 23.24, 24.31, 20.84, 16.54, 19.14, 18.13, 21.7, 25.71, 24.08, 23.75, 29.51, 33.2, 34.67, 33.73, 34.64, 34.68, 34.3, 38.39, 36.59, 34.47, 31.35, 36.09, 36.68, 35.1, 35.24, 35.64, 33.27, 33.47, 30.49, 28.85, 29.53, 26.54, 24.81, 21.86, 22.21, 22.02, 20.68, 21.41, 20.37, 19.85, 17.05, 18.29, 17.66, 16.11, 16.72, 19.51, 20.04, 19.56, 19.55, 19.12, 18.35, 18.03, 16.34, 15.85, 16.08, 14.72, 14.36, 14.34, 13.57, 14.09, 15.08, 13.6, 13.66, 13.11, 13.46, 14.14, 13.62, 13.7, 14.6, 16.18, 15.6, 16.1, 16.86, 16.17, 16.07, 17.66, 18.4, 19.64, 18.68, 18.74, 20.45, 22.03, 18.62, 21.06, 20.61, 21.69, 21.78, 21.78, 21.5, 21.32]"
qtum,17,1942262451.0,Qtum,QTUM,0.45567536930304675,3.0,0.038377894332864274,21.09923076923077,5.833911328286196,62.637362637362635,-0.9203599007771062,0.4029454666859497,6.028350024530667,"[35.01, 30.8, 30.8, 26.0, 20.01, 23.39, 21.53, 25.92, 29.8, 28.03, 26.2, 28.99, 28.85, 31.85, 31.79, 31.94, 32.41, 29.86, 31.4, 28.78, 26.57, 25.27, 26.52, 25.11, 24.98, 27.47, 27.22, 25.44, 26.44, 25.6, 25.47, 26.34, 26.06, 24.66, 21.53, 19.65, 19.1, 17.9, 19.19, 18.09, 18.03, 15.89, 15.49, 14.77, 13.47, 13.37, 20.0, 19.75, 19.52, 19.26, 18.49, 17.74, 17.89, 16.08, 15.12, 15.48, 14.07, 14.18, 14.07, 13.35, 14.14, 15.08, 13.54, 13.42, 12.77, 13.04, 13.45, 13.34, 13.39, 14.31, 16.51, 15.56, 15.84, 16.55, 16.65, 16.49, 17.56, 18.6, 20.21, 19.26, 19.03, 20.45, 22.68, 19.1, 21.0, 19.6, 21.58, 22.95, 22.32, 21.94, 21.68]"
omisego,18,1715774078.0,OmiseGO,OMG,0.40253879501748374,6.0,0.07675578866572855,13.671098901098901,3.2820251221321395,54.94505494505495,-1.2446592059333372,-0.046733258933856534,5.029252417041868,"[13.81, 13.17, 13.98, 11.54, 9.15, 11.28, 10.8, 12.13, 13.06, 12.32, 11.77, 12.72, 12.86, 15.58, 16.49, 18.02, 18.18, 16.36, 17.55, 17.92, 17.59, 16.32, 17.31, 16.34, 16.54, 17.77, 19.88, 18.3, 19.15, 18.53, 17.82, 17.92, 17.08, 15.73, 14.4, 13.62, 14.9, 13.29, 14.61, 13.73, 13.68, 11.64, 11.22, 11.19, 9.66, 10.47, 11.49, 12.09, 11.84, 11.52, 11.52, 11.09, 10.83, 10.28, 9.71, 9.63, 8.43, 8.23, 8.19, 8.07, 8.76, 9.48, 8.21, 8.83, 9.24, 9.36, 9.55, 9.07, 9.24, 9.78, 12.12, 12.7, 13.84, 14.21, 15.49, 14.23, 15.07, 15.67, 16.29, 15.25, 15.11, 15.86, 17.99, 15.57, 18.17, 17.31, 18.13, 18.2, 17.0, 17.04, 17.0]"
icon,19,1665300031.0,ICON,ICX,0.390697048298289,41.0,0.5244978892158118,3.436923076923077,0.9737112556951653,62.637362637362635,-0.6654911283074343,0.2646397332594101,5.8024912316599355,"[6.1, 5.33, 5.44, 4.27, 3.09, 4.37, 3.8, 5.06, 4.53, 4.1, 3.8, 4.26, 3.93, 4.42, 4.82, 4.86, 5.42, 4.7, 4.82, 4.17, 4.02, 3.75, 3.95, 3.83, 3.89, 4.01, 4.0, 3.55, 3.82, 3.71, 3.67, 3.64, 3.55, 3.42, 3.0, 2.6, 2.71, 2.46, 2.77, 2.63, 2.89, 2.38, 2.27, 2.25, 1.95, 2.06, 2.37, 2.63, 3.48, 3.6, 4.06, 3.52, 3.46, 3.04, 2.84, 2.84, 2.3, 2.24, 2.18, 2.09, 2.14, 2.4, 2.07, 2.01, 1.93, 2.09, 2.11, 2.02, 2.15, 2.32, 2.71, 2.57, 2.61, 2.88, 2.93, 2.86, 3.27, 3.41, 3.61, 3.52, 3.55, 3.92, 4.21, 3.69, 4.29, 4.27, 4.83, 4.67, 4.33, 4.38, 4.29]"
binance-coin,20,1611734149.0,Binance Coin,BNB,0.3781299242982208,0.0,0.0,10.962857142857143,1.9756180202684475,63.73626373626373,-0.845959140946595,0.2636513707344899,5.66858167494368,"[9.45, 9.75, 9.82, 8.43, 6.72, 8.26, 8.09, 8.78, 9.87, 9.29, 8.71, 9.34, 9.01, 10.41, 10.89, 11.23, 11.73, 10.68, 11.09, 9.92, 9.41, 8.88, 9.73, 9.12, 9.39, 9.94, 10.59, 10.45, 10.51, 10.25, 10.21, 10.41, 10.03, 9.41, 9.07, 8.3, 8.29, 7.68, 8.26, 8.04, 10.17, 8.97, 9.15, 9.07, 8.98, 8.96, 9.05, 9.18, 9.98, 10.09, 11.81, 13.09, 12.94, 12.02, 11.55, 11.68, 10.21, 10.4, 11.08, 11.12, 12.63, 13.33, 12.22, 12.53, 12.31, 12.52, 12.18, 11.92, 12.13, 12.37, 13.02, 13.56, 13.33, 13.08, 12.26, 11.8, 12.35, 12.4, 12.59, 13.39, 12.91, 13.69, 15.18, 13.36, 14.63, 14.3, 15.19, 15.02, 14.34, 14.16, 13.98]"
lisk,21,1389870313.0,Lisk,LSK,0.32607831543751353,3.0,0.038377894332864274,15.920329670329668,6.545205014552735,68.13186813186813,-0.21622253693041715,0.8812953898451615,7.220984906082057,"[22.59, 21.82, 23.05, 19.82, 15.36, 18.58, 18.26, 23.79, 27.4, 26.96, 25.99, 28.45, 25.75, 28.36, 31.3, 32.13, 32.79, 29.39, 29.95, 26.67, 23.0, 21.84, 22.68, 21.15, 20.51, 20.48, 20.54, 18.97, 20.1, 19.25, 18.47, 18.3, 18.87, 16.8, 15.85, 15.52, 16.09, 14.97, 14.73, 14.26, 14.31, 12.25, 13.48, 13.59, 12.29, 12.48, 13.13, 13.86, 13.77, 12.74, 12.3, 12.93, 11.93, 11.28, 10.48, 9.87, 8.19, 7.8, 7.8, 7.53, 8.02, 10.43, 8.73, 8.86, 8.5, 8.87, 9.41, 8.83, 8.81, 9.03, 10.04, 10.04, 10.14, 10.73, 10.61, 10.63, 11.57, 11.96, 12.47, 11.55, 11.51, 12.51, 13.17, 11.2, 11.64, 11.41, 11.88, 13.0, 13.02, 13.27, 14.11]"
verge,22,1225040935.0,Verge,XVG,0.2874075952918037,15.0,0.19188947166432135,0.057603846153846144,0.016652796073789906,62.637362637362635,-0.7499574221047807,0.19919230694203754,5.553138325153469,"[0.05875, 0.054, 0.06466, 0.05356, 0.0419, 0.05125, 0.04762, 0.05204, 0.05825, 0.0565, 0.05081, 0.056, 0.0535, 0.05925, 0.05908, 0.06837, 0.08862, 0.07533, 0.08256, 0.06947, 0.06519, 0.05869, 0.06219, 0.05696, 0.05879, 0.06098, 0.06005, 0.05325, 0.05865, 0.06004, 0.05635, 0.05699, 0.05495, 0.04922, 0.04362, 0.03876, 0.0395, 0.03609, 0.039, 0.03713, 0.0361, 0.03128, 0.0315, 0.03302, 0.02851, 0.02956, 0.03163, 0.03469, 0.0335, 0.03903, 0.03911, 0.0443, 0.04124, 0.0446, 0.04015, 0.04155, 0.037, 0.03562, 0.03825, 0.04394, 0.04822, 0.0717, 0.05738, 0.05502, 0.0587, 0.06433, 0.0681, 0.07841, 0.08413, 0.08401, 0.09044, 0.09116, 0.08728, 0.09085, 0.09439, 0.07372, 0.06547, 0.07341, 0.06973, 0.0686, 0.06903, 0.069, 0.06801, 0.06181, 0.07072, 0.06804, 0.07218, 0.07033, 0.07708, 0.0792, 0.079]"
bitcoin-gold,23,1209095456.0,Bitcoin Gold,BTG,0.28366661681163075,0.0,0.0,81.45230769230768,30.696147020877124,57.14285714285714,-1.2510729791476252,0.30751873590562917,5.775888505184364,"[131.51, 122.71, 128.58, 109.79, 87.19, 96.9, 89.4, 111.16, 125.51, 117.11, 108.95, 117.45, 119.34, 129.22, 130.25, 139.75, 142.6, 128.61, 137.4, 128.72, 117.72, 116.23, 118.01, 112.63, 110.72, 115.73, 118.43, 109.69, 112.45, 110.15, 110.21, 110.87, 108.5, 101.15, 90.0, 85.55, 83.36, 78.18, 83.74, 79.41, 77.85, 66.55, 64.0, 61.55, 58.21, 57.19, 67.37, 64.58, 63.43, 59.79, 58.6, 59.58, 60.06, 55.65, 51.98, 52.69, 45.14, 43.58, 43.63, 40.92, 42.32, 46.41, 41.76, 41.34, 39.39, 40.96, 42.11, 40.79, 40.9, 42.31, 46.79, 45.21, 45.88, 49.53, 53.27, 50.87, 55.51, 59.69, 69.67, 66.63, 65.73, 77.78, 83.63, 70.98, 78.89, 72.9, 77.1, 78.41, 72.76, 71.41, 74.0]"
zcash,24,1095669127.0,Zcash,ZEC,0.25705559710667125,12.0,0.1535115773314571,310.1251648351649,93.23937491083925,63.73626373626373,-1.1270224852156623,0.35257608952483066,5.926244508072608,"[402.73, 386.23, 388.99, 344.07, 305.17, 368.48, 353.69, 438.52, 472.9, 480.54, 433.43, 461.27, 444.77, 481.28, 480.75, 478.85, 489.42, 447.9, 472.15, 438.2, 427.86, 395.13, 417.35, 393.96, 395.03, 404.41, 408.82, 385.66, 402.06, 388.76, 387.56, 409.94, 392.42, 386.67, 348.86, 318.64, 311.2, 288.3, 308.1, 291.0, 286.59, 251.95, 243.89, 237.89, 222.21, 245.29, 256.18, 261.02, 260.61, 250.72, 260.82, 243.33, 241.4, 226.59, 217.79, 212.56, 188.27, 191.99, 188.23, 184.86, 195.1, 207.79, 186.3, 186.38, 178.1, 184.53, 187.28, 180.61, 182.74, 187.17, 218.84, 230.36, 224.45, 234.22, 227.63, 224.36, 249.1, 266.2, 283.24, 271.26, 273.78, 301.28, 316.52, 284.47, 303.01, 282.06, 296.23, 293.14, 283.83, 291.34, 286.81]"
aeternity,25,1094215203.0,Aeternity,AE,0.2567144911169542,1.0,0.012792631444288091,2.1613186813186815,0.7331824485336659,84.61538461538461,4.23620966295255,1.8759801959700135,3.106811650277525,"[2.65, 2.58, 2.85, 2.43, 2.07, 2.32, 2.47, 2.69, 2.85, 2.76, 2.5, 2.57, 2.4, 2.62, 2.53, 2.63, 2.7, 2.51, 2.7, 2.5, 2.29, 2.24, 2.28, 2.23, 2.16, 2.22, 2.43, 2.27, 2.34, 2.37, 2.3, 2.3, 2.28, 2.12, 1.88, 1.85, 1.87, 1.75, 1.82, 1.76, 1.73, 1.56, 1.61, 1.6, 1.49, 1.39, 1.61, 1.67, 1.76, 1.69, 1.73, 1.68, 1.66, 1.6, 1.58, 1.66, 1.41, 1.54, 1.59, 1.48, 1.48, 1.5, 1.43, 1.4, 1.37, 1.4, 1.4, 1.33, 1.36, 1.47, 1.67, 1.7, 1.73, 1.83, 1.8, 1.74, 1.87, 2.0, 2.08, 2.0, 2.27, 2.35, 2.59, 2.29, 2.62, 2.93, 4.24, 4.95, 4.49, 4.65, 4.61]"
nano,26,1075269722.0,Nano,NANO,0.25226968035162534,18.0,0.2302673659971856,0.15967032967032965,1.0651342076604537,97.8021978021978,40.52255906340357,6.520930649250105,3.6437490521097633,"[0.0, 0.0, 0.0, 0.0, 0.0, 0.0, 0.0, 0.0, 0.0, 0.0, 0.0, 0.0, 0.0, 0.0, 0.0, 0.0, 0.0, 0.0, 0.0, 0.0, 0.0, 0.0, 0.0, 0.0, 0.0, 0.0, 0.0, 0.0, 0.0, 0.0, 0.0, 0.0, 0.0, 0.0, 0.0, 0.0, 0.0, 0.0, 0.0, 0.0, 0.0, 0.0, 0.0, 0.0, 0.0, 0.0, 0.0, 0.0, 0.0, 0.0, 0.0, 0.0, 0.0, 0.0, 0.0, 0.0, 0.0, 0.0, 0.0, 0.0, 0.0, 0.0, 0.0, 0.0, 0.0, 0.0, 0.0, 0.0, 0.0, 0.0, 0.0, 0.0, 0.0, 0.0, 0.0, 0.0, 0.0, 0.0, 0.0, 0.0, 0.0, 0.0, 0.0, 0.0, 0.0, 0.0, 0.0, 0.0, 0.0, 7.26, 7.27]"
steem,27,988062159.0,Steem,STEEM,0.23180986120844832,2.0,0.025585262888576182,2.990769230769231,0.9385706115681485,53.84615384615385,-1.2327346486892448,0.06403000265974322,5.172266568901714,"[4.87, 4.52, 4.74, 3.92, 3.15, 3.71, 3.49, 3.7, 4.1, 4.18, 3.68, 4.04, 3.93, 4.35, 4.3, 4.39, 4.56, 4.05, 4.36, 3.85, 3.52, 3.25, 3.48, 3.27, 3.36, 3.5, 3.41, 3.18, 3.4, 3.27, 3.65, 3.51, 3.4, 3.17, 2.73, 2.59, 2.53, 2.35, 2.51, 2.37, 2.43, 2.19, 2.06, 2.04, 1.78, 1.81, 2.02, 2.17, 2.19, 2.11, 1.99, 1.97, 2.01, 1.85, 1.71, 1.88, 1.62, 1.52, 1.5, 1.42, 1.66, 2.01, 1.87, 1.72, 1.73, 1.87, 1.89, 1.82, 1.85, 2.01, 2.74, 2.69, 2.66, 2.8, 2.65, 2.77, 3.04, 3.08, 3.26, 3.06, 3.01, 3.25, 3.48, 4.13, 4.06, 4.22, 4.34, 4.2, 3.86, 3.9, 3.92]"
ontology,28,984626912.0,Ontology,ONT,0.23100391583038357,1.0,0.012792631444288091,1.904505494505495,2.3261514996707247,81.31868131868131,0.7584764097370247,1.1729957045937187,3.589307901937012,"[0.0, 0.0, 0.0, 0.0, 0.0, 0.0, 0.0, 0.0, 0.0, 0.0, 0.0, 0.0, 0.0, 0.0, 0.0, 0.0, 0.0, 0.0, 0.0, 0.0, 0.0, 0.0, 0.0, 0.0, 0.0, 0.0, 0.0, 0.0, 0.0, 0.0, 0.0, 0.0, 0.0, 0.0, 0.0, 0.0, 0.0, 0.0, 0.0, 0.0, 0.0, 0.0, 0.0, 1.47, 1.27, 1.27, 1.27, 1.38, 1.41, 1.31, 1.38, 1.41, 1.48, 1.74, 2.19, 2.33, 2.12, 2.32, 2.05, 2.08, 2.05, 2.29, 2.44, 2.86, 3.06, 3.78, 3.51, 3.49, 4.66, 4.32, 4.4, 4.23, 4.35, 4.52, 4.14, 4.08, 4.28, 4.47, 4.31, 4.06, 4.0, 4.22, 4.76, 5.03, 5.27, 5.24, 6.98, 9.2, 7.81, 8.69, 8.33]"
bytom,29,973432698.0,Bytom,BTM,0.22837763450785628,1.0,0.012792631444288091,0.7409142857142856,0.2085043502702825,70.32967032967034,0.7132609108244425,0.6457230381873873,2.4143553889345832,"[1.41, 1.28, 1.37, 1.18, 0.8873, 0.881, 0.9301, 0.9888, 1.04, 0.9426, 0.861, 0.8733, 0.84, 0.909, 0.957, 0.9581, 1.0, 0.9187, 0.8974, 0.8648, 0.7611, 0.6766, 0.7225, 0.7049, 0.7794, 0.7871, 0.784, 0.8273, 0.8741, 0.9295, 0.9493, 1.01, 0.9282, 0.8564, 0.8158, 0.8536, 0.853, 0.8602, 0.8866, 0.835, 0.8809, 0.8489, 0.8144, 0.7841, 0.6841, 0.6108, 0.6399, 0.6628, 0.7753, 0.7633, 0.7567, 0.6914, 0.6803, 0.6338, 0.5607, 0.5573, 0.4907, 0.4449, 0.4652, 0.4717, 0.487, 0.4974, 0.476, 0.4664, 0.4358, 0.421, 0.42, 0.4057, 0.4121, 0.4368, 0.5034, 0.5089, 0.5138, 0.5674, 0.5716, 0.5771, 0.5793, 0.5996, 0.6198, 0.5941, 0.6085, 0.6351, 0.7195, 0.5946, 0.6528, 0.6188, 0.7339, 0.7142, 0.6917, 0.7328, 0.7272]"
bitshares,30,953439333.0,BitShares,BTS,0.2236869790429911,6.0,0.07675578866572855,0.21032197802197797,0.063866250700233,62.637362637362635,-0.2816020423841379,0.6109113696891743,6.552059545865443,"[0.3818, 0.3131, 0.3346, 0.268, 0.2003, 0.2256, 0.216, 0.2357, 0.2609, 0.2473, 0.2364, 0.2455, 0.2378, 0.2756, 0.271, 0.2762, 0.2844, 0.2568, 0.2661, 0.2473, 0.2142, 0.221, 0.2254, 0.2095, 0.2115, 0.2206, 0.2181, 0.221, 0.2385, 0.2309, 0.2144, 0.2248, 0.2097, 0.1881, 0.1749, 0.1616, 0.1653, 0.1555, 0.1664, 0.1607, 0.1613, 0.1413, 0.1453, 0.1437, 0.1301, 0.1251, 0.1386, 0.1541, 0.152, 0.1528, 0.1611, 0.1539, 0.1556, 0.144, 0.1388, 0.1348, 0.1272, 0.1247, 0.1265, 0.1282, 0.1479, 0.152, 0.1368, 0.1429, 0.1385, 0.1426, 0.1442, 0.1389, 0.1433, 0.1561, 0.1795, 0.1876, 0.187, 0.2296, 0.211, 0.2106, 0.2295, 0.2441, 0.2784, 0.2666, 0.2633, 0.2716, 0.2944, 0.2468, 0.2748, 0.2618, 0.2807, 0.3428, 0.3593, 0.365, 0.3601]"
bytecoin-bcn,31,949036854.0,Bytecoin,BCN,0.22265411077992964,0.0,0.0,0.003960307692307692,0.001208836418934765,53.84615384615385,-1.417418910690356,-0.10876322121078652,5.005566352769498,"[0.00517, 0.0047, 0.005031, 0.00432, 0.003532, 0.00431, 0.004179, 0.00457, 0.004978, 0.004689, 0.00439, 0.004843, 0.00461, 0.00547, 0.005877, 0.005646, 0.006012, 0.005532, 0.00598, 0.005775, 0.005301, 0.004814, 0.005002, 0.004636, 0.004649, 0.004905, 0.005121, 0.004596, 0.004705, 0.004415, 0.004333, 0.004315, 0.00464, 0.004042, 0.003532, 0.003392, 0.003519, 0.00326, 0.003398, 0.003342, 0.003116, 0.002804, 0.002712, 0.002769, 0.00254, 0.002636, 0.002711, 0.002849, 0.002799, 0.002725, 0.002844, 0.002736, 0.002703, 0.002534, 0.002431, 0.002501, 0.002261, 0.00217, 0.002203, 0.002204, 0.002234, 0.002389, 0.0022, 0.00214, 0.002091, 0.002172, 0.002199, 0.002204, 0.002408, 0.002569, 0.002974, 0.003297, 0.0034, 0.004497, 0.003884, 0.004161, 0.004578, 0.004932, 0.005185, 0.004749, 0.004889, 0.005087, 0.005427, 0.00506, 0.005576, 0.005288, 0.005701, 0.00524, 0.005507, 0.00527, 0.005301]"
siacoin,32,904001433.0,Siacoin,SC,0.21208832339865816,1.0,0.012792631444288091,0.018581835164835168,0.005994883975018055,59.34065934065934,-1.198007362138812,0.23075516741865815,5.585388284492684,"[0.02816, 0.02741, 0.02923, 0.0235, 0.01818, 0.02233, 0.02012, 0.0223, 0.02496, 0.02408, 0.02215, 0.02388, 0.02316, 0.02609, 0.02649, 0.0268, 0.03074, 0.02802, 0.02851, 0.02431, 0.024, 0.02186, 0.02259, 0.02106, 0.02105, 0.0221, 0.02161, 0.01933, 0.02164, 0.02098, 0.02029, 0.02002, 0.02014, 0.01782, 0.01529, 0.01416, 0.0136, 0.01293, 0.01394, 0.01454, 0.01374, 0.01208, 0.01174, 0.01151, 0.009697, 0.01093, 0.01181, 0.01365, 0.01319, 0.01326, 0.01278, 0.01368, 0.01517, 0.01386, 0.01327, 0.01329, 0.01094, 0.01049, 0.01069, 0.01032, 0.01061, 0.01242, 0.01056, 0.01114, 0.01081, 0.01128, 0.01149, 0.01093, 0.01161, 0.01242, 0.01395, 0.01485, 0.01661, 0.01868, 0.01761, 0.01774, 0.01933, 0.01959, 0.01962, 0.01921, 0.01897, 0.02143, 0.02182, 0.01934, 0.02757, 0.02825, 0.02964, 0.0285, 0.02682, 0.02641, 0.02627]"
wanchain,33,883197231.0,Wanchain,WAN,0.20720743697441396,2.0,0.025585262888576182,2.217912087912088,2.95411894099513,76.92307692307693,-0.7212982434865687,0.8896050057360267,5.051221407021598,"[0.0, 0.0, 0.0, 0.0, 0.0, 0.0, 0.0, 0.0, 0.0, 0.0, 0.0, 0.0, 0.0, 0.0, 0.0, 0.0, 0.0, 0.0, 0.0, 0.0, 0.0, 0.0, 0.0, 0.0, 0.0, 0.0, 0.0, 0.0, 0.0, 0.0, 0.0, 0.0, 0.0, 0.0, 0.0, 0.0, 0.0, 0.0, 0.0, 0.0, 0.0, 0.0, 0.0, 0.0, 0.0, 0.0, 0.0, 0.0, 0.0, 0.0, 0.0, 0.0, 0.0, 0.0, 3.37, 3.46, 2.95, 3.27, 3.26, 3.09, 3.17, 3.54, 3.04, 3.15, 3.03, 3.59, 3.92, 3.71, 4.5, 4.38, 6.03, 5.73, 5.65, 6.01, 5.7, 5.39, 5.97, 6.58, 6.67, 6.21, 6.34, 6.65, 7.66, 7.36, 8.23, 7.99, 8.74, 8.5, 8.22, 8.19, 8.58]"
populous,34,879508011.0,Populous,PPT,0.2063419068370864,3.0,0.038377894332864274,21.747802197802198,9.588803544312698,81.31868131868131,5.542631978599246,2.053345623942072,2.991278691776886,"[62.7, 53.44, 59.5, 46.23, 36.29, 39.21, 32.89, 26.61, 32.97, 25.84, 24.18, 29.88, 26.56, 26.24, 26.46, 30.87, 30.4, 26.78, 27.62, 24.87, 23.43, 21.86, 23.27, 21.08, 21.55, 21.79, 21.23, 17.91, 22.51, 21.16, 20.58, 21.01, 20.88, 19.86, 17.82, 15.74, 15.66, 15.64, 16.67, 16.8, 19.0, 16.19, 15.97, 15.48, 14.05, 15.21, 15.44, 16.1, 15.59, 14.87, 15.91, 15.2, 15.47, 15.17, 15.09, 14.65, 12.71, 11.96, 12.17, 11.41, 11.77, 13.36, 11.84, 11.86, 11.46, 12.13, 12.22, 11.68, 11.75, 12.18, 13.93, 15.12, 16.15, 16.67, 21.28, 23.38, 23.55, 24.36, 28.24, 27.41, 26.21, 24.15, 25.9, 21.49, 23.88, 21.45, 23.93, 26.16, 24.55, 23.44, 23.92]"
bitcoin-diamond,35,854516191.0,Bitcoin Diamond,BCD,0.20047856081904855,0.0,0.0,21.375164835164835,11.934527098328674,61.53846153846154,-0.7482203625534396,-0.20436546810945252,5.0050119640204755,"[50.51, 39.16, 41.8, 42.07, 36.25, 40.05, 36.0, 6.69, 21.45, 20.45, 17.76, 24.19, 13.87, 18.48, 24.15, 18.64, 21.74, 39.03, 29.88, 14.73, 29.66, 27.65, 38.04, 32.37, 36.04, 35.86, 35.85, 33.19, 31.33, 34.34, 31.3, 30.97, 6.59, 5.05, 29.98, 32.51, 29.28, 26.95, 28.58, 27.69, 27.04, 23.74, 24.6, 24.41, 23.56, 24.32, 26.19, 27.02, 3.01, 2.95, 2.88, 2.8, 2.64, 2.69, 2.56, 2.95, 2.2, 2.16, 2.17, 2.09, 2.11, 2.12, 1.99, 18.99, 18.77, 19.55, 20.01, 19.38, 19.47, 20.51, 23.02, 21.26, 23.33, 21.04, 23.07, 23.03, 24.22, 27.07, 21.85, 23.7, 21.95, 30.85, 30.8, 26.24, 23.67, 8.52, 11.17, 5.79, 5.64, 5.9, 28.01]"
bitcoin-private,36,754602735.0,Bitcoin Private,BTCP,0.17703780442811748,0.0,0.0,15.798021978021977,16.48111128093194,82.41758241758241,-1.2055053766560164,0.4222877868718059,4.076894402684889,"[0.0, 0.0, 0.0, 0.0, 0.0, 0.0, 0.0, 0.0, 0.0, 0.0, 0.0, 0.0, 0.0, 0.0, 0.0, 0.0, 0.0, 0.0, 0.0, 0.0, 0.0, 0.0, 0.0, 0.0, 0.0, 0.0, 0.0, 0.0, 0.0, 0.0, 0.0, 0.0, 0.0, 0.0, 0.0, 0.0, 0.0, 0.0, 0.0, 0.0, 0.0, 0.0, 0.0, 35.95, 30.66, 29.98, 34.01, 34.18, 32.12, 29.41, 30.62, 28.18, 29.65, 25.65, 25.97, 28.65, 24.41, 24.6, 24.09, 22.66, 23.64, 22.67, 19.42, 20.03, 19.44, 17.83, 14.56, 14.6, 14.43, 14.65, 30.44, 26.23, 23.19, 26.3, 24.88, 23.84, 27.03, 30.14, 36.4, 45.37, 44.12, 52.37, 50.21, 43.48, 50.31, 38.99, 39.0, 34.52, 41.06, 39.69, 37.99]"
zilliqa,37,735481019.0,Zilliqa,ZIL,0.17255164706276152,0.0,0.0,0.058077472527472536,0.01877504689526966,81.31868131868131,1.2735445858223002,1.4608969327948929,2.9808394616993112,"[0.07487, 0.07162, 0.07864, 0.06208, 0.05214, 0.05888, 0.05391, 0.05888, 0.06023, 0.05019, 0.05063, 0.0522, 0.05048, 0.05473, 0.05771, 0.06154, 0.07186, 0.06401, 0.06729, 0.05775, 0.05542, 0.05104, 0.05331, 0.05238, 0.05072, 0.05397, 0.05143, 0.0484, 0.0491, 0.04632, 0.04709, 0.04725, 0.05266, 0.04707, 0.04158, 0.03739, 0.04073, 0.04355, 0.0514, 0.0463, 0.04603, 0.04097, 0.04148, 0.04253, 0.04063, 0.0407, 0.04689, 0.04797, 0.04732, 0.04762, 0.05289, 0.05259, 0.05251, 0.04838, 0.04663, 0.04928, 0.04357, 0.04616, 0.04583, 0.04338, 0.04447, 0.04592, 0.0418, 0.04027, 0.03778, 0.04031, 0.04139, 0.03918, 0.04036, 0.0436, 0.05908, 0.05469, 0.05596, 0.06404, 0.06319, 0.06378, 0.06609, 0.06784, 0.08301, 0.0886, 0.09966, 0.09559, 0.09713, 0.08444, 0.0967, 0.09026, 0.105, 0.1144, 0.1015, 0.1032, 0.1157]"
stratis,38,727101264.0,Stratis,STRAT,0.17058566766984884,4.0,0.051170525777152365,6.173186813186814,1.788136041682056,65.93406593406593,-0.8432897471664207,0.3212355517192687,5.820146152434207,"[10.08, 9.39, 9.8, 7.94, 6.07, 6.77, 6.37, 7.46, 8.1, 7.65, 6.93, 7.84, 7.82, 9.25, 9.25, 9.38, 9.62, 9.02, 9.8, 8.74, 7.96, 7.06, 7.64, 7.15, 7.24, 7.52, 7.68, 7.3, 7.56, 8.01, 8.23, 8.3, 8.02, 7.3, 6.19, 5.77, 5.67, 5.32, 5.81, 5.43, 5.44, 4.79, 4.7, 4.6, 4.05, 4.32, 4.86, 5.16, 5.33, 5.14, 5.13, 5.16, 5.45, 4.88, 4.39, 4.58, 3.85, 3.65, 3.71, 3.39, 3.64, 4.03, 3.55, 3.5, 3.54, 3.74, 3.77, 3.59, 3.76, 4.07, 4.54, 4.64, 4.74, 5.08, 4.86, 4.99, 5.64, 5.79, 6.03, 5.81, 5.76, 6.16, 6.61, 5.79, 6.22, 6.0, 6.49, 7.1, 6.77, 7.21, 7.32]"
waves,39,674909000.0,Waves,WAVES,0.1583408090202275,23.0,0.2942305232186261,5.854615384615383,1.4188792262431686,61.53846153846154,-1.1679401552375936,-0.02209373524272838,5.077516151030163,"[7.66, 7.18, 7.51, 6.66, 5.28, 5.37, 6.41, 7.45, 8.47, 7.4, 6.55, 7.13, 5.97, 7.45, 8.1, 8.11, 8.2, 7.85, 8.39, 8.46, 7.8, 7.18, 7.23, 7.1, 7.14, 7.36, 7.19, 6.99, 7.09, 7.15, 7.23, 7.31, 7.35, 6.86, 6.87, 6.33, 6.68, 6.33, 6.26, 6.23, 6.14, 5.89, 5.74, 5.67, 5.33, 4.9, 5.22, 5.29, 5.29, 5.03, 4.93, 4.93, 4.91, 4.37, 4.21, 4.25, 3.95, 3.8, 3.82, 3.69, 3.89, 4.02, 3.67, 3.65, 3.48, 3.63, 3.7, 3.56, 3.65, 3.83, 4.04, 4.22, 4.52, 4.73, 4.66, 4.69, 4.84, 5.12, 5.23, 5.12, 5.1, 5.33, 5.92, 5.14, 5.46, 5.45, 6.45, 6.92, 6.66, 6.64, 6.81]"
maker,40,643711119.0,Maker,MKR,0.15102145527437913,129.0,1.6502494563131636,846.6078021978021,220.7629106540417,70.32967032967034,-0.12216877990497865,-0.4767539412151371,2.990630372263603,"[1272.48, 1156.01, 1203.88, 1026.21, 813.24, 926.31, 917.21, 976.26, 1071.01, 1046.42, 989.71, 1046.98, 1026.0, 1104.13, 1122.82, 1144.38, 1130.73, 1069.26, 1118.35, 1053.77, 1033.32, 965.56, 991.45, 983.52, 983.13, 1023.79, 1037.18, 1038.83, 1052.54, 983.94, 1018.22, 942.66, 951.35, 954.36, 886.33, 838.6, 828.69, 805.11, 821.21, 815.51, 800.35, 741.91, 744.88, 702.62, 665.25, 660.98, 694.44, 719.27, 711.09, 691.06, 696.1, 681.41, 674.68, 636.99, 596.88, 588.63, 499.07, 515.9, 504.41, 492.51, 500.08, 540.71, 488.46, 491.95, 477.75, 115.49, 512.92, 530.7, 565.28, 585.37, 656.95, 687.99, 724.02, 774.52, 747.04, 749.51, 783.41, 850.88, 919.57, 895.65, 900.93, 966.2, 1012.82, 920.42, 1018.63, 984.29, 1277.25, 1061.54, 1031.86, 1039.76, 1040.47]"
0x,41,631051500.0,0x,ZRX,0.14805137439777524,0.0,0.0,0.8515725274725277,0.26865714907806704,58.24175824175825,-0.7440789657301621,0.3647555839841307,5.9155902443202715,"[1.62, 1.32, 1.38, 1.15, 0.824, 1.01, 1.0, 1.07, 1.13, 1.09, 0.9819, 1.03, 0.9662, 1.08, 1.37, 1.29, 1.28, 1.16, 1.18, 1.02, 0.9461, 0.9135, 0.9853, 0.9194, 0.9771, 1.03, 0.9934, 0.9154, 0.9659, 0.9425, 0.925, 0.9276, 0.8897, 0.7835, 0.6983, 0.6428, 0.6528, 0.639, 0.6849, 0.6394, 0.6016, 0.5243, 0.4899, 0.5095, 0.464, 0.4442, 0.4709, 0.5413, 0.5916, 0.5799, 0.5649, 0.5978, 0.6097, 0.6528, 0.6382, 0.6397, 0.5349, 0.5307, 0.5567, 0.5186, 0.5407, 0.5983, 0.5391, 0.5511, 0.536, 0.5562, 0.5797, 0.5586, 0.5665, 0.5989, 0.6939, 0.6911, 0.7425, 0.7985, 0.7482, 0.8457, 0.9332, 0.9125, 0.9941, 0.9345, 0.9989, 1.0, 1.16, 1.0, 1.14, 1.07, 1.2, 1.29, 1.18, 1.2, 1.25]"
rchain,42,629685684.0,RChain,RHOC,0.14773093947927102,1.0,0.012792631444288091,1.4353538461538464,0.3876712908353601,67.03296703296702,-0.4185425668258005,0.6380199229785471,6.601941238794421,"[1.85, 1.58, 1.72, 1.47, 1.11, 1.42, 1.18, 1.39, 1.47, 1.49, 1.4, 1.75, 1.7, 2.38, 1.91, 2.18, 2.21, 2.21, 2.37, 2.42, 2.09, 1.94, 1.97, 1.92, 1.91, 2.03, 1.81, 1.71, 1.76, 1.78, 1.72, 1.84, 1.67, 1.62, 1.56, 1.31, 1.43, 1.37, 1.45, 1.3, 1.32, 1.18, 1.14, 1.13, 1.0, 1.04, 1.11, 1.14, 1.21, 1.14, 1.15, 1.1, 1.2, 1.14, 1.08, 1.08, 0.9949, 0.9307, 0.9096, 0.9351, 0.9183, 1.01, 0.9017, 0.9541, 0.9209, 0.9435, 0.9877, 0.9607, 1.05, 1.05, 1.18, 1.18, 1.16, 1.17, 1.16, 1.11, 1.18, 1.31, 1.55, 1.46, 1.47, 1.41, 1.41, 1.33, 1.56, 1.39, 1.5, 1.7, 1.76, 1.76, 1.84]"
dogecoin,43,585706707.0,Dogecoin,DOGE,0.13741300506431733,5.0,0.06396315722144046,0.0046832857142857145,0.0012887967323315364,61.53846153846154,-1.0364054311354503,0.21060483855171636,5.545938210811259,"[0.00505, 0.004489, 0.00514, 0.00433, 0.003506, 0.004439, 0.004285, 0.00457, 0.004993, 0.005, 0.004925, 0.005536, 0.005672, 0.006689, 0.007271, 0.007054, 0.007101, 0.00651, 0.006683, 0.007408, 0.006847, 0.006288, 0.006801, 0.006399, 0.006188, 0.006372, 0.006327, 0.00615, 0.006246, 0.005548, 0.005285, 0.005464, 0.005281, 0.004626, 0.00411, 0.004093, 0.004243, 0.004049, 0.004209, 0.004078, 0.004013, 0.003707, 0.003612, 0.003579, 0.003376, 0.003235, 0.003522, 0.003715, 0.003699, 0.003624, 0.003611, 0.003535, 0.003508, 0.003307, 0.003183, 0.003181, 0.002872, 0.002834, 0.002842, 0.002785, 0.002857, 0.003085, 0.002801, 0.002847, 0.002751, 0.002878, 0.002885, 0.002844, 0.003157, 0.003497, 0.003889, 0.004116, 0.004262, 0.004735, 0.004714, 0.004844, 0.005605, 0.005996, 0.005892, 0.005572, 0.005622, 0.005707, 0.005867, 0.005148, 0.005568, 0.005463, 0.005496, 0.005467, 0.00527, 0.005099, 0.00525]"
decred,44,573499462.0,Decred,DCR,0.13454905592568067,2.0,0.025585262888576182,65.69868131868131,14.63311855691192,54.94505494505495,-1.117074769502913,-0.0646934515380467,5.009760042120286,"[83.81, 80.61, 89.03, 73.14, 58.98, 71.95, 68.34, 72.88, 80.85, 76.95, 69.29, 77.68, 73.41, 81.14, 86.93, 90.42, 96.85, 84.72, 88.38, 80.71, 75.58, 72.37, 76.21, 71.77, 71.88, 75.91, 77.34, 74.66, 79.52, 80.84, 80.69, 80.58, 81.61, 72.84, 66.85, 58.37, 61.36, 60.91, 64.68, 59.69, 59.56, 52.19, 55.06, 54.28, 48.3, 50.63, 52.95, 52.7, 51.78, 50.81, 53.89, 50.91, 50.58, 48.01, 45.82, 46.37, 40.24, 38.97, 39.89, 39.63, 41.95, 47.08, 42.57, 43.55, 43.99, 50.12, 50.19, 48.76, 51.89, 52.59, 61.64, 58.67, 60.0, 64.26, 62.45, 60.6, 62.16, 62.34, 66.96, 67.22, 64.61, 66.02, 74.85, 77.89, 85.03, 83.37, 87.67, 83.31, 84.17, 80.82, 79.55]"
status,45,544449497.0,Status,SNT,0.1277336260527507,625.0,7.995394652680056,0.14505890109890107,0.04327708559103714,57.14285714285714,-1.0748582518489913,0.2704333506486123,7.678125380442864,"[0.1961, 0.1784, 0.2109, 0.2153, 0.185, 0.206, 0.2019, 0.2089, 0.2248, 0.2261, 0.2023, 0.2135, 0.2054, 0.2237, 0.22, 0.2208, 0.2252, 0.2025, 0.2109, 0.1899, 0.1826, 0.1664, 0.174, 0.1627, 0.1681, 0.1708, 0.1696, 0.1578, 0.1586, 0.1524, 0.1573, 0.1603, 0.1695, 0.1681, 0.154, 0.1455, 0.1396, 0.1316, 0.1361, 0.1324, 0.1296, 0.1171, 0.1077, 0.1049, 0.08957, 0.09813, 0.115, 0.1146, 0.1114, 0.109, 0.1016, 0.09869, 0.09909, 0.09207, 0.08867, 0.091, 0.08682, 0.08508, 0.0864, 0.08291, 0.09034, 0.1048, 0.09171, 0.08769, 0.088, 0.08816, 0.0901, 0.08826, 0.08873, 0.09484, 0.1108, 0.1109, 0.1129, 0.1243, 0.1181, 0.12, 0.1345, 0.1377, 0.1506, 0.1542, 0.1493, 0.1498, 0.1592, 0.1322, 0.1454, 0.1388, 0.1611, 0.1727, 0.1573, 0.1573, 0.1563]"
digixdao,46,538312000.0,DigixDAO,DGD,0.12629370416648275,0.0,0.0,308.9046153846154,83.62418274122496,72.52747252747253,0.30299584330229923,0.9872688655858842,4.368579009860435,"[256.31, 461.73, 386.61, 328.97, 211.58, 216.41, 295.2, 272.35, 279.17, 247.57, 226.77, 235.08, 222.5, 240.37, 241.51, 244.43, 244.47, 321.06, 309.75, 316.08, 314.14, 314.64, 369.47, 364.26, 406.7, 412.96, 492.97, 558.47, 504.39, 495.95, 505.05, 486.87, 488.63, 480.41, 413.03, 328.41, 380.75, 341.6, 356.79, 339.08, 327.84, 330.43, 366.29, 405.46, 365.48, 348.58, 351.22, 357.81, 375.61, 359.38, 359.89, 343.8, 330.86, 335.22, 307.19, 294.75, 240.77, 245.78, 244.91, 221.48, 230.99, 233.36, 209.3, 208.87, 211.92, 214.64, 217.14, 209.59, 210.39, 214.27, 236.88, 233.26, 237.87, 251.55, 247.32, 235.51, 243.9, 259.27, 267.73, 285.67, 283.49, 285.01, 298.94, 258.67, 272.43, 261.9, 278.58, 276.85, 269.5, 270.32, 269.96]"
mixin,47,532575142.0,Mixin,XIN,0.1249477764385162,1.0,0.012792631444288091,0.004552015384615385,0.005410796807643904,68.13186813186813,-1.5644216305987142,0.5597075385816374,6.405590698726128,"[0.0002734, 0.0001774, 0.000185, 0.0002465, 0.0002081, 0.000231, 0.0001519, 0.0002478, 0.0001739, 0.0002571, 0.0002425, 0.0001782, 0.0001709, 0.0001897, 0.000301, 0.0003057, 0.0003329, 0.0002083, 0.0003355, 0.0003377, 0.0002096, 0.0002954, 0.0002035, 0.0001941, 0.0001922, 0.0001033, 0.0008476, 0.0002067, 0.0006558, 0.0005522, 0.0004586, 0.0002301, 0.0004576, 0.0004294, 0.0004964, 0.0003727, 0.0003701, 0.0005278, 0.0004772, 0.0004571, 0.0005496, 0.0004109, 0.0004134, 0.000497, 0.0003942, 0.0004108, 0.0004312, 0.0003568, 0.0004456, 0.000349, 0.0003574, 0.0003419, 0.0003389, 0.0003261, 0.0003123, 0.0003184, 0.01308, 0.01234, 0.01243, 0.0121, 0.01288, 0.01338, 0.01159, 0.01141, 0.01108, 0.01128, 0.01142, 0.01086, 0.01044, 0.009559, 0.01039, 0.01003, 0.01059, 0.01014, 0.009696, 0.009902, 0.01032, 0.01029, 0.01092, 0.01099, 0.008294, 0.009237, 0.01024, 0.00985, 0.01179, 0.01117, 0.01244, 0.01449, 0.01443, 0.01316, 0.01327]"
loopring,48,532233663.0,Loopring,LRC,0.12486766184362504,0.0,0.0,0.5654021978021978,0.17474202774062664,61.53846153846154,-0.7814481538944409,0.297539571586273,5.746970620511773,"[0.818, 0.7642, 0.8137, 0.6729, 0.5228, 0.6293, 0.5722, 0.6474, 0.7015, 0.6593, 0.6088, 0.6621, 0.6272, 0.6847, 0.6923, 0.7085, 0.77, 0.6751, 0.7248, 0.6413, 0.5989, 0.5685, 0.6637, 0.6744, 0.6228, 0.6379, 0.611, 0.5505, 0.5452, 0.5339, 0.5234, 0.5414, 0.5414, 0.4655, 0.4122, 0.4339, 0.3976, 0.358, 0.3763, 0.3461, 0.3367, 0.3067, 0.3063, 0.3145, 0.2869, 0.2884, 0.3188, 0.3445, 0.4066, 0.4403, 0.4625, 0.503, 0.471, 0.4212, 0.4074, 0.434, 0.3779, 0.3809, 0.384, 0.3698, 0.3693, 0.4122, 0.3632, 0.3698, 0.3544, 0.3917, 0.4154, 0.4135, 0.4191, 0.4525, 0.5665, 0.5799, 0.6201, 0.6403, 0.6483, 0.6325, 0.6789, 0.7479, 0.8068, 0.7348, 0.747, 0.8027, 0.8437, 0.7121, 0.788, 0.749, 0.8386, 1.01, 0.9248, 0.9368, 0.9217]"
basic-attention-token,49,520148000.0,Basic Attention Token,BAT,0.12203223713160335,0.0,0.0,0.3190120879120879,0.10401009126354814,56.043956043956044,-0.9141940517153913,0.3045124702409287,5.764331981530613,"[0.5447, 0.5995, 0.4329, 0.4504, 0.2918, 0.358, 0.3389, 0.37, 0.389, 0.3568, 0.3308, 0.384, 0.3431, 0.4051, 0.4121, 0.431, 0.4775, 0.4185, 0.4294, 0.3977, 0.3604, 0.3436, 0.3593, 0.3378, 0.3593, 0.3654, 0.364, 0.3382, 0.38, 0.4001, 0.38, 0.38, 0.3738, 0.3335, 0.3022, 0.27, 0.2529, 0.2603, 0.2691, 0.257, 0.2481, 0.2201, 0.1955, 0.203, 0.1881, 0.1893, 0.2069, 0.2086, 0.2048, 0.2053, 0.2153, 0.2131, 0.2059, 0.2302, 0.2297, 0.217, 0.19, 0.1832, 0.196, 0.1816, 0.1999, 0.2107, 0.187, 0.1813, 0.1815, 0.1909, 0.1978, 0.1844, 0.2002, 0.2066, 0.2333, 0.2388, 0.2603, 0.2637, 0.2726, 0.2735, 0.3548, 0.3832, 0.4052, 0.41, 0.4323, 0.4377, 0.4549, 0.4113, 0.4401, 0.423, 0.4436, 0.47, 0.4946, 0.5036, 0.5035]"
aelf,50,506127500.0,aelf,ELF,0.11874287913983246,5.0,0.06396315722144046,0.9635725274725275,0.41155568810319626,73.62637362637363,0.23965584570880916,0.019776020803924366,2.164222230440884,"[0.0, 0.0, 0.0, 0.0, 1.07, 1.27, 1.18, 1.28, 1.34, 1.21, 1.13, 1.19, 1.16, 1.33, 1.44, 1.4, 1.48, 1.47, 1.58, 1.48, 1.29, 1.25, 1.32, 1.21, 1.19, 1.19, 1.17, 1.1, 1.19, 1.16, 1.27, 1.19, 1.19, 1.1, 0.9168, 0.762, 0.7893, 0.735, 0.8259, 0.7281, 0.7194, 0.64, 0.6087, 0.6247, 0.5705, 0.5328, 0.6098, 0.6458, 0.6315, 0.65, 0.6485, 0.7071, 0.7248, 0.616, 0.5731, 0.6157, 0.525, 0.5268, 0.52, 0.5219, 0.52, 0.5644, 0.5157, 0.5248, 0.5307, 0.6282, 0.6193, 0.5804, 0.8434, 0.898, 1.05, 0.9866, 0.962, 1.01, 1.02, 0.9924, 1.06, 1.14, 1.19, 1.09, 1.18, 1.17, 1.22, 1.02, 1.16, 1.15, 1.55, 1.81, 1.88, 2.09, 1.93]"
aion,51,495505604.0,Aion,AION,0.11625086968971592,1.0,0.012792631444288091,2.894285714285714,0.5662157839302456,63.73626373626373,-0.7605697252554044,0.1307379257377325,5.332949243947645,"[3.72, 3.33, 3.58, 3.07, 2.28, 2.79, 2.56, 3.07, 3.07, 2.83, 2.82, 3.0, 2.82, 2.97, 3.01, 3.38, 3.91, 3.37, 3.81, 3.3, 2.95, 2.88, 3.02, 2.92, 3.27, 3.06, 3.01, 2.76, 3.09, 3.26, 3.17, 3.16, 3.21, 2.91, 2.64, 2.46, 2.44, 2.26, 2.46, 2.33, 2.37, 2.17, 2.7, 2.59, 2.26, 2.54, 2.76, 2.84, 3.13, 2.98, 2.83, 2.85, 2.74, 2.53, 2.43, 2.41, 2.08, 2.0, 2.01, 1.93, 2.09, 2.22, 1.95, 1.93, 1.86, 2.01, 2.16, 2.1, 2.13, 2.36, 2.82, 2.64, 2.74, 2.99, 3.05, 2.96, 3.11, 3.29, 3.36, 3.74, 3.97, 3.97, 4.04, 3.47, 3.73, 3.55, 3.85, 3.89, 3.71, 3.78, 3.81]"
hshare,52,479153289.0,Hshare,HSR,0.11241444316932041,0.0,0.0,8.483296703296704,2.632429644842209,56.043956043956044,-1.241463253665195,0.3823236692346846,5.958619534165944,"[11.89, 11.63, 12.52, 10.53, 8.46, 10.5, 9.91, 10.56, 12.4, 11.87, 11.25, 12.28, 12.6, 13.6, 13.15, 13.38, 13.34, 11.98, 13.09, 11.45, 10.75, 10.08, 10.47, 9.71, 9.37, 9.57, 9.76, 9.09, 9.44, 9.39, 9.57, 9.48, 9.11, 8.24, 6.32, 6.07, 6.46, 5.95, 6.37, 6.11, 6.23, 5.58, 5.65, 5.54, 5.11, 5.14, 6.02, 6.19, 6.86, 6.97, 7.11, 6.93, 6.63, 6.4, 6.13, 6.33, 5.64, 5.64, 5.75, 5.52, 5.63, 5.77, 5.31, 5.39, 5.18, 5.27, 5.35, 5.27, 5.27, 5.58, 7.22, 6.67, 6.61, 7.0, 6.67, 6.6, 7.1, 7.52, 8.34, 7.67, 7.8, 8.28, 10.6, 8.97, 10.67, 11.3, 13.34, 12.38, 11.12, 11.34, 11.69]"
iostoken,53,477018360.0,IOStoken,IOST,0.1119135661843332,0.0,0.0,0.03444274725274725,0.010976487665168276,63.73626373626373,-0.5705833425751483,0.3356325246392732,5.841879150752791,"[0.05387, 0.04631, 0.04838, 0.03953, 0.02948, 0.03489, 0.03295, 0.03916, 0.04122, 0.03985, 0.03541, 0.03805, 0.03691, 0.04117, 0.04094, 0.04422, 0.05249, 0.04584, 0.04697, 0.04311, 0.03878, 0.03595, 0.03745, 0.03523, 0.03479, 0.03501, 0.03719, 0.03369, 0.03486, 0.03456, 0.03428, 0.03451, 0.03478, 0.03103, 0.02432, 0.01984, 0.01925, 0.01768, 0.02167, 0.01929, 0.0207, 0.01874, 0.01811, 0.01839, 0.01679, 0.01676, 0.01863, 0.01873, 0.02103, 0.0212, 0.02511, 0.02453, 0.02788, 0.02535, 0.02358, 0.02706, 0.02459, 0.0255, 0.02409, 0.02194, 0.02313, 0.0255, 0.02958, 0.029, 0.02714, 0.03369, 0.0349, 0.02981, 0.02941, 0.03049, 0.03512, 0.03412, 0.03771, 0.03837, 0.03636, 0.03454, 0.03702, 0.03968, 0.04146, 0.04084, 0.04685, 0.04834, 0.05417, 0.04472, 0.05207, 0.04836, 0.05695, 0.05861, 0.0591, 0.05691, 0.05672]"
waltonchain,54,474100397.0,Waltonchain,WTC,0.11122898111862642,0.0,0.0,16.354945054945055,5.419591115031087,59.34065934065934,-0.8767269035304857,0.4594764097273561,6.1514717488463555,"[27.48, 25.1, 28.59, 23.36, 17.54, 22.58, 20.23, 23.61, 23.47, 22.19, 20.18, 22.3, 21.4, 23.71, 27.74, 27.01, 26.9, 24.13, 25.28, 22.84, 20.84, 20.1, 21.14, 21.27, 21.82, 21.95, 21.95, 18.44, 18.78, 19.8, 19.27, 18.67, 20.32, 25.04, 18.64, 15.57, 16.28, 14.98, 16.88, 15.46, 15.62, 13.45, 12.94, 13.39, 11.68, 12.19, 12.87, 14.36, 14.02, 12.96, 13.88, 12.76, 14.12, 13.25, 13.73, 13.45, 10.99, 10.45, 10.16, 9.49, 10.0, 10.65, 9.28, 8.7, 8.29, 8.58, 8.81, 8.52, 8.66, 10.19, 10.95, 10.81, 10.92, 11.12, 10.63, 10.84, 11.95, 12.55, 13.22, 12.38, 12.92, 14.13, 14.51, 12.6, 14.2, 14.78, 16.37, 16.62, 15.6, 15.47, 15.45]"
golem-network-tokens,55,469398349.0,Golem,GNT,0.11012583079114235,0.0,0.0,0.361089010989011,0.12080558120662392,68.13186813186813,-0.7844107029403404,0.46349773447690285,6.161497481962036,"[0.45, 0.5751, 0.3685, 0.4, 0.273, 0.3007, 0.3251, 0.328, 0.3602, 0.3393, 0.3279, 0.3718, 0.351, 0.4219, 0.4317, 0.4656, 0.4722, 0.4462, 0.4344, 0.3676, 0.3346, 0.3269, 0.3303, 0.315, 0.321, 0.366, 0.3674, 0.3654, 0.451, 0.4364, 0.4305, 0.4378, 0.493, 0.4201, 0.3677, 0.3141, 0.3082, 0.2939, 0.314, 0.3043, 0.3042, 0.2474, 0.2496, 0.2472, 0.2155, 0.2175, 0.251, 0.2508, 0.2481, 0.2471, 0.2505, 0.2403, 0.2565, 0.2507, 0.2377, 0.2569, 0.2152, 0.1942, 0.1985, 0.192, 0.2073, 0.218, 0.1964, 0.1971, 0.1881, 0.1938, 0.2021, 0.2421, 0.2958, 0.2801, 0.3009, 0.5016, 0.4265, 0.4359, 0.4098, 0.4261, 0.4461, 0.4529, 0.465, 0.5208, 0.563, 0.6002, 0.6145, 0.5262, 0.5485, 0.583, 0.5974, 0.587, 0.5496, 0.5767, 0.6279]"
digibyte,56,436833334.0,DigiByte,DGB,0.10248573291001195,0.0,0.0,0.03129,0.008462013633011634,59.34065934065934,-1.1299963271639943,0.05454823618177061,5.138932733777177,"[0.0455, 0.0427, 0.0431, 0.0382, 0.0271, 0.0335, 0.0302, 0.0335, 0.0391, 0.0357, 0.0326, 0.0369, 0.0352, 0.0431, 0.0438, 0.0439, 0.0483, 0.0434, 0.0441, 0.0417, 0.0392, 0.0336, 0.0358, 0.0337, 0.0341, 0.0356, 0.0372, 0.0332, 0.0369, 0.0373, 0.0343, 0.0346, 0.0362, 0.0313, 0.0284, 0.0279, 0.0268, 0.0255, 0.0268, 0.0284, 0.0269, 0.0237, 0.0228, 0.0232, 0.0211, 0.0213, 0.0229, 0.0252, 0.0248, 0.0239, 0.0235, 0.024, 0.0247, 0.022, 0.0217, 0.022, 0.01973, 0.01804, 0.0182, 0.0176, 0.01821, 0.02054, 0.01911, 0.01862, 0.01781, 0.0193, 0.0193, 0.01853, 0.02147, 0.02379, 0.02738, 0.02967, 0.02873, 0.032, 0.0301, 0.0299, 0.03428, 0.03482, 0.0358, 0.03391, 0.03572, 0.03587, 0.04, 0.0356, 0.04021, 0.04229, 0.04675, 0.04444, 0.04036, 0.04302, 0.04419]"
augur,57,427993500.0,Augur,REP,0.10041181410441813,2.0,0.025585262888576182,39.29582417582418,9.909343139865094,61.53846153846154,-0.6728598622030848,0.2760283490752868,5.698977483762971,"[65.78, 58.1, 61.37, 51.28, 42.86, 47.1, 47.0, 51.5, 56.46, 54.0, 49.5, 53.5, 48.65, 52.47, 53.5, 53.42, 55.09, 52.31, 53.1, 49.61, 45.82, 43.18, 43.98, 42.84, 44.01, 46.44, 48.31, 45.41, 46.68, 45.11, 47.06, 46.79, 46.25, 43.28, 39.02, 38.69, 36.8, 33.05, 35.82, 34.9, 38.45, 31.01, 31.99, 32.77, 30.44, 29.68, 32.7, 35.15, 35.81, 35.44, 35.34, 34.55, 34.29, 34.45, 30.6, 33.23, 26.5, 25.57, 25.71, 24.3, 25.38, 27.16, 23.89, 26.69, 24.0, 24.9, 25.13, 24.28, 24.59, 25.46, 28.14, 29.05, 28.99, 31.08, 28.74, 28.8, 32.68, 37.95, 40.0, 38.95, 39.87, 42.26, 45.21, 40.08, 43.4, 40.17, 42.08, 40.92, 40.53, 39.23, 38.29]"
komodo,58,405974987.0,Komodo,KMD,0.09524603744142743,0.0,0.0,3.5986813186813187,0.7393451346377731,64.83516483516483,-0.5756610155109403,0.17751235763929113,5.446162045034264,"[4.92, 4.45, 5.12, 4.26, 3.27, 3.8, 3.61, 3.97, 4.29, 4.16, 3.91, 4.15, 3.9, 4.54, 5.12, 5.17, 5.4, 4.84, 4.98, 4.42, 4.25, 3.86, 4.12, 3.98, 3.87, 3.91, 3.83, 3.58, 3.86, 4.1, 4.63, 4.43, 4.25, 3.86, 3.62, 3.3, 3.35, 3.27, 3.51, 3.55, 3.44, 3.11, 2.97, 2.85, 2.54, 2.64, 2.83, 3.1, 3.08, 2.99, 2.91, 3.03, 3.09, 2.85, 2.75, 2.75, 2.39, 2.39, 2.36, 2.33, 2.66, 2.88, 2.51, 2.5, 2.44, 2.57, 2.67, 2.52, 2.62, 2.84, 3.09, 3.27, 3.58, 3.83, 3.54, 3.51, 3.77, 3.86, 3.99, 3.85, 3.9, 4.1, 4.24, 3.56, 3.81, 3.67, 3.93, 4.19, 3.96, 3.93, 3.88]"
ardor,59,393839567.0,Ardor,ARDR,0.09239893920951726,0.0,0.0,0.367645054945055,0.1007454078398671,62.637362637362635,-0.6355975259809101,0.492975704477743,6.234749234674595,"[0.6153, 0.5623, 0.5702, 0.4705, 0.3956, 0.4566, 0.4379, 0.4971, 0.5232, 0.5475, 0.5611, 0.5965, 0.5379, 0.5357, 0.5186, 0.5116, 0.5238, 0.4575, 0.508, 0.462, 0.4324, 0.4011, 0.424, 0.4007, 0.4192, 0.4203, 0.4161, 0.3749, 0.3879, 0.3991, 0.4246, 0.4152, 0.3981, 0.3774, 0.3385, 0.3139, 0.2915, 0.2779, 0.2887, 0.2924, 0.3251, 0.2904, 0.2822, 0.3012, 0.2592, 0.2654, 0.2903, 0.2996, 0.2954, 0.2948, 0.281, 0.2664, 0.2777, 0.2535, 0.2493, 0.2577, 0.2245, 0.2208, 0.2212, 0.2141, 0.2338, 0.2663, 0.2899, 0.2542, 0.2368, 0.241, 0.2534, 0.2429, 0.2555, 0.2656, 0.2996, 0.2943, 0.3032, 0.3288, 0.3136, 0.3322, 0.3628, 0.383, 0.3961, 0.3746, 0.389, 0.3987, 0.4191, 0.369, 0.3981, 0.3867, 0.4073, 0.4069, 0.3965, 0.3984, 0.4058]"
ark,60,364649468.0,Ark,ARK,0.08555063241402258,10.0,0.1279263144428809,3.29032967032967,0.8150513373562827,68.13186813186813,-0.7660409022763566,0.1396119312946168,5.383150172657612,"[4.8, 4.61, 5.02, 4.19, 3.18, 3.76, 3.51, 3.79, 4.2, 4.04, 3.76, 4.05, 4.08, 4.47, 4.91, 4.85, 4.99, 4.53, 4.65, 4.11, 4.08, 3.73, 3.91, 3.61, 3.69, 3.77, 3.77, 3.58, 3.68, 4.02, 4.43, 4.18, 4.01, 3.73, 3.48, 3.19, 3.21, 3.07, 3.53, 3.22, 3.36, 2.83, 2.87, 2.83, 2.51, 2.42, 2.75, 2.85, 2.75, 2.83, 2.78, 2.8, 2.86, 2.67, 2.49, 2.49, 2.06, 1.95, 1.92, 1.83, 2.03, 2.36, 2.02, 2.09, 1.99, 2.04, 2.12, 2.06, 2.2, 2.38, 2.57, 2.53, 2.65, 2.84, 2.67, 2.6, 2.93, 3.05, 3.15, 3.09, 3.32, 3.44, 3.58, 3.09, 3.49, 3.4, 3.81, 3.91, 3.6, 3.58, 3.59]"
nebulas-token,61,354981185.0,Nebulas,NAS,0.08328235068706899,0.0,0.0,6.8148351648351655,1.676562654799018,59.34065934065934,-1.1656110537037014,0.2554919168667178,5.6408118509339715,"[9.96, 9.16, 9.48, 7.99, 6.02, 7.92, 7.19, 7.79, 8.75, 8.39, 8.01, 8.62, 8.01, 8.94, 9.19, 9.27, 9.66, 8.74, 9.72, 8.79, 8.29, 7.76, 8.15, 7.93, 7.59, 8.55, 8.53, 8.16, 8.4, 8.06, 7.83, 8.05, 7.91, 7.02, 6.43, 5.82, 5.97, 5.73, 6.23, 6.04, 6.09, 5.52, 5.15, 5.16, 4.77, 4.41, 5.01, 5.41, 5.97, 6.15, 6.19, 6.47, 6.46, 6.65, 6.1, 6.46, 5.83, 5.48, 5.07, 4.7, 4.88, 4.88, 4.39, 4.39, 4.2, 4.39, 4.67, 4.4, 4.57, 4.82, 5.49, 5.16, 4.85, 5.22, 5.01, 4.95, 5.23, 5.64, 6.41, 5.93, 6.07, 6.15, 7.23, 6.28, 7.03, 7.02, 8.8, 10.04, 9.12, 9.73, 10.1]"
kyber-network,62,350641648.0,Kyber Network,KNC,0.08226424928472703,0.0,0.0,1.8511934065934066,0.7662144831848594,60.43956043956044,-0.6647505187162457,0.650588346708101,6.62852747300237,"[3.55, 3.45, 3.94, 3.32, 2.54, 3.03, 2.82, 3.05, 3.32, 3.17, 2.78, 2.83, 2.64, 2.7, 2.74, 2.92, 2.93, 2.57, 2.58, 2.27, 2.14, 2.06, 2.13, 1.97, 1.95, 2.02, 1.98, 1.71, 1.88, 1.82, 1.82, 1.83, 2.0, 1.74, 1.52, 1.36, 1.3, 1.21, 1.3, 1.26, 1.28, 1.13, 1.12, 1.11, 1.03, 0.9941, 1.15, 1.26, 1.32, 1.3, 1.37, 1.44, 1.38, 1.22, 1.18, 1.2, 0.9935, 1.03, 0.9999, 0.9365, 0.9728, 1.05, 0.9085, 0.8963, 0.8811, 0.9885, 1.0, 0.9974, 1.05, 1.11, 1.26, 1.31, 1.34, 1.38, 1.4, 1.39, 1.53, 1.59, 1.68, 1.65, 1.71, 1.94, 2.16, 2.01, 2.62, 2.61, 2.81, 2.75, 2.64, 2.62, 2.61]"
mithril,63,339855140.0,Mithril,MITH,0.07973362011364893,2.0,0.025585262888576182,0.1163945054945055,0.3536914382428474,90.10989010989012,5.6782480058313745,2.7493853620397055,3.3067018857231596,"[0.0, 0.0, 0.0, 0.0, 0.0, 0.0, 0.0, 0.0, 0.0, 0.0, 0.0, 0.0, 0.0, 0.0, 0.0, 0.0, 0.0, 0.0, 0.0, 0.0, 0.0, 0.0, 0.0, 0.0, 0.0, 0.0, 0.0, 0.0, 0.0, 0.0, 0.0, 0.0, 0.0, 0.0, 0.0, 0.0, 0.0, 0.0, 0.0, 0.0, 0.0, 0.0, 0.0, 0.0, 0.0, 0.0, 0.0, 0.0, 0.0, 0.0, 0.0, 0.0, 0.0, 0.0, 0.0, 0.0, 0.0, 0.0, 0.0, 0.0, 0.0, 0.0, 0.0, 0.0, 0.0, 0.0, 0.0, 0.0, 0.0, 0.0, 0.0, 0.0, 0.0, 0.0, 0.0, 0.0, 0.0, 0.0, 0.0, 0.0, 0.0, 0.0, 1.05, 0.9019, 1.34, 1.27, 1.27, 1.21, 1.15, 1.12, 1.28]"
pivx,64,330170741.0,PIVX,PIVX,0.07746155740218014,0.0,0.0,4.940329670329671,0.8892377901109634,54.94505494505495,-1.1877910750171112,0.05801720969101489,5.146979563162591,"[6.51, 6.03, 6.96, 5.64, 4.7, 5.27, 5.02, 5.43, 6.02, 5.9, 5.36, 5.9, 5.48, 6.03, 6.12, 6.35, 6.51, 5.85, 6.06, 5.57, 5.17, 4.93, 5.2, 5.12, 5.33, 5.42, 5.59, 5.32, 5.85, 6.03, 6.38, 6.13, 5.88, 5.57, 5.02, 4.73, 4.62, 4.4, 4.61, 4.4, 4.5, 3.91, 3.91, 3.83, 3.57, 3.47, 3.8, 4.11, 4.06, 3.86, 3.91, 4.06, 4.09, 3.81, 4.35, 4.33, 3.62, 3.71, 3.51, 3.62, 3.82, 4.1, 3.77, 3.96, 3.78, 3.9, 3.92, 3.87, 3.9, 4.06, 4.46, 4.42, 4.53, 4.78, 4.48, 4.52, 4.91, 5.13, 5.66, 5.4, 5.5, 5.68, 5.96, 5.12, 5.46, 5.15, 5.56, 5.68, 5.75, 5.97, 5.93]"
substratum,65,317383457.0,Substratum,SUB,0.07446152496264917,0.0,0.0,0.5550428571428572,0.14976251246986774,62.637362637362635,-1.1577835096157452,0.27326304035613613,5.685019139014407,"[0.69, 0.719, 0.7734, 0.6279, 0.4565, 0.5773, 0.5685, 0.6542, 0.7828, 0.701, 0.6325, 0.7335, 0.6782, 0.7543, 0.7299, 0.7707, 0.7903, 0.6667, 0.6769, 0.5778, 0.5419, 0.5008, 0.5423, 0.5152, 0.5481, 0.5446, 0.5799, 0.5533, 0.5774, 0.5589, 0.5297, 0.517, 0.4973, 0.4482, 0.4126, 0.4248, 0.4404, 0.4073, 0.4624, 0.5865, 0.5642, 0.4513, 0.4296, 0.4539, 0.3827, 0.3914, 0.4114, 0.4548, 0.4531, 0.4219, 0.4102, 0.4132, 0.4178, 0.4096, 0.3977, 0.4128, 0.3405, 0.3388, 0.3475, 0.3268, 0.3365, 0.3794, 0.3402, 0.3595, 0.34, 0.3679, 0.4154, 0.3834, 0.4011, 0.4157, 0.5345, 0.5108, 0.5152, 0.6049, 0.6103, 0.6392, 0.6788, 0.7263, 0.7254, 0.7007, 0.7043, 0.7323, 0.7735, 0.6752, 0.7927, 0.7247, 0.7869, 0.8128, 0.8569, 0.8415, 0.8437]"
cortex,66,313320884.0,Cortex,CTXC,0.07350840225199673,6.0,0.07675578866572855,0.06758241758241759,0.36606713087389203,96.7032967032967,25.39302298529764,5.233187339008314,3.56067880595248,"[0.0, 0.0, 0.0, 0.0, 0.0, 0.0, 0.0, 0.0, 0.0, 0.0, 0.0, 0.0, 0.0, 0.0, 0.0, 0.0, 0.0, 0.0, 0.0, 0.0, 0.0, 0.0, 0.0, 0.0, 0.0, 0.0, 0.0, 0.0, 0.0, 0.0, 0.0, 0.0, 0.0, 0.0, 0.0, 0.0, 0.0, 0.0, 0.0, 0.0, 0.0, 0.0, 0.0, 0.0, 0.0, 0.0, 0.0, 0.0, 0.0, 0.0, 0.0, 0.0, 0.0, 0.0, 0.0, 0.0, 0.0, 0.0, 0.0, 0.0, 0.0, 0.0, 0.0, 0.0, 0.0, 0.0, 0.0, 0.0, 0.0, 0.0, 0.0, 0.0, 0.0, 0.0, 0.0, 0.0, 0.0, 0.0, 0.0, 0.0, 0.0, 0.0, 0.0, 0.0, 0.0, 0.0, 0.0, 0.0, 2.04, 2.09, 2.02]"
kucoin-shares,67,307040533.0,KuCoin Shares,KCS,0.07203496530231758,0.0,0.0,3.845494505494505,1.2951662150840273,62.637362637362635,-0.20476104411058227,0.7074336692901214,6.770385047357861,"[7.22, 6.75, 7.68, 6.02, 4.59, 5.69, 5.25, 5.85, 5.87, 5.67, 5.24, 5.77, 5.46, 5.73, 5.96, 5.85, 5.77, 5.47, 5.16, 4.39, 4.42, 4.21, 4.68, 4.29, 4.63, 4.64, 4.4, 4.2, 4.25, 4.15, 3.7, 3.86, 3.66, 3.26, 3.23, 3.08, 3.14, 3.09, 3.24, 3.37, 3.29, 2.78, 2.66, 2.39, 2.18, 2.3, 2.73, 3.1, 2.95, 2.74, 2.93, 2.87, 3.05, 2.72, 2.56, 2.62, 2.33, 2.26, 2.27, 2.24, 2.3, 2.5, 2.29, 2.2, 2.1, 2.21, 2.41, 2.38, 2.48, 2.75, 3.27, 3.08, 3.16, 3.36, 3.15, 3.05, 3.1, 3.28, 3.5, 3.62, 4.05, 4.91, 5.13, 4.21, 4.49, 4.28, 4.43, 4.34, 4.09, 4.08, 3.88]"
qash,68,303931600.0,QASH,QASH,0.07130557664931446,3.0,0.038377894332864274,0.735731868131868,0.14341126818198432,63.73626373626373,-0.7932109592105689,0.29886219277091364,5.7585325949267325,"[1.03, 0.9254, 1.04, 0.843, 0.661, 0.7899, 0.754, 0.832, 0.96, 0.872, 0.835, 0.886, 0.84, 0.939, 0.957, 0.976, 1.07, 0.976, 1.03, 0.955, 0.865, 0.793, 0.837, 0.822, 0.807, 0.833, 0.852, 0.808, 0.827, 0.82, 0.823, 0.806, 0.808, 0.765, 0.6911, 0.639, 0.673, 0.638, 0.6789, 0.652, 0.655, 0.5799, 0.58, 0.564, 0.5, 0.524, 0.5361, 0.564, 0.713, 0.678, 0.728, 0.721, 0.714, 0.639, 0.5814, 0.635, 0.581, 0.59, 0.605, 0.587, 0.584, 0.626, 0.559, 0.535, 0.499, 0.5395, 0.557, 0.53, 0.523, 0.554, 0.617, 0.6227, 0.632, 0.659, 0.6257, 0.622, 0.6503, 0.726, 0.776, 0.758, 0.7611, 0.7688, 0.862, 0.72, 0.782, 0.736, 0.7349, 0.9306, 0.878, 0.8483, 0.85]"
monacoin,69,299580777.0,MonaCoin,MONA,0.07028482743168096,2.0,0.025585262888576182,4.257472527472528,0.8913634369424112,59.34065934065934,-0.6733464009861896,0.652538021802534,6.639498490914271,"[3.58, 4.18, 4.51, 3.86, 3.3, 3.73, 3.44, 3.69, 4.0, 4.18, 3.82, 4.39, 4.1, 4.64, 5.05, 6.47, 6.51, 5.56, 6.2, 5.77, 5.45, 5.29, 5.64, 5.53, 5.38, 5.64, 5.41, 5.32, 5.5, 5.44, 5.32, 5.64, 5.2, 4.97, 4.24, 4.28, 4.17, 4.04, 4.09, 4.12, 4.18, 3.87, 3.82, 3.71, 3.42, 3.54, 4.09, 4.0, 3.9, 3.76, 3.79, 3.62, 3.57, 3.48, 3.34, 3.46, 3.09, 3.11, 3.06, 3.01, 3.26, 3.52, 3.11, 3.23, 3.22, 3.24, 3.25, 3.26, 3.29, 3.32, 3.63, 3.59, 3.6, 3.77, 3.55, 3.49, 3.78, 4.07, 4.16, 3.99, 3.98, 4.04, 4.42, 4.36, 5.1, 5.63, 5.48, 5.33, 5.17, 5.05, 5.07]"
gas,70,295076029.0,Gas,GAS,0.06922796577662486,588.0,7.522067289241397,28.782087912087906,10.5010902120029,60.43956043956044,-1.0915774520864274,0.40259672112071826,7.88873932425656,"[50.95, 46.47, 50.88, 41.79, 31.22, 40.34, 37.43, 41.48, 43.19, 40.32, 38.39, 39.04, 37.75, 43.19, 44.58, 47.07, 48.93, 45.18, 48.09, 43.34, 41.1, 37.77, 38.89, 37.34, 37.21, 42.26, 42.36, 37.5, 39.78, 38.45, 37.22, 35.02, 33.19, 31.11, 27.42, 25.09, 26.2, 25.22, 26.74, 24.45, 23.46, 20.4, 20.15, 20.56, 18.19, 18.21, 21.31, 24.12, 23.46, 22.44, 22.7, 21.37, 22.63, 20.05, 18.87, 18.59, 16.6, 15.62, 15.69, 15.18, 15.79, 17.14, 15.1, 15.03, 14.32, 14.59, 15.08, 15.0, 15.58, 16.82, 18.57, 17.83, 19.01, 20.66, 19.68, 19.46, 21.74, 23.15, 25.73, 24.09, 25.67, 28.55, 30.13, 25.37, 28.25, 25.23, 27.67, 31.79, 29.72, 29.35, 29.52]"
cryptonex,71,282400886.0,Cryptonex,CNX,0.06625424280498414,2.0,0.025585262888576182,6.132967032967033,0.8987372026086018,64.83516483516483,-0.7710072290389292,0.24622457984029483,5.623614121393006,"[7.02, 6.56, 6.56, 5.75, 5.2, 6.01, 5.69, 6.2, 6.52, 6.6, 6.31, 6.68, 6.07, 6.73, 7.34, 7.34, 7.77, 7.4, 7.83, 7.88, 7.49, 6.89, 7.02, 5.05, 5.0, 7.54, 7.52, 7.23, 7.76, 7.62, 7.68, 8.05, 7.67, 7.02, 6.57, 6.46, 6.48, 6.16, 6.68, 6.29, 6.32, 5.63, 5.54, 5.56, 5.44, 5.56, 5.38, 5.84, 5.98, 5.84, 6.08, 5.9, 5.68, 5.63, 5.39, 5.17, 4.9, 4.73, 4.67, 4.79, 4.95, 5.25, 4.77, 4.69, 4.71, 5.05, 4.99, 4.72, 4.88, 4.74, 5.55, 5.53, 5.39, 5.95, 5.73, 5.55, 5.65, 5.81, 6.48, 6.18, 6.09, 6.26, 6.71, 6.3, 6.59, 6.34, 6.64, 6.3, 6.01, 6.26, 6.36]"
syscoin,72,278783279.0,Syscoin,SYS,0.06540551383693476,2.0,0.025585262888576182,0.47558901098901113,0.13418959152128093,61.53846153846154,-1.0646230441587912,0.05601655627658688,5.148072844259534,"[0.495, 0.4875, 0.5478, 0.455, 0.3726, 0.4193, 0.484, 0.5231, 0.5379, 0.5358, 0.5061, 0.5558, 0.5704, 0.6278, 0.6497, 0.6694, 0.7099, 0.6822, 0.7303, 0.716, 0.6479, 0.5686, 0.6111, 0.5647, 0.5835, 0.6302, 0.6573, 0.6208, 0.6535, 0.7092, 0.7033, 0.6801, 0.6959, 0.632, 0.5946, 0.5567, 0.5219, 0.4882, 0.5304, 0.478, 0.4764, 0.3923, 0.3533, 0.3954, 0.3492, 0.3575, 0.3763, 0.4432, 0.4209, 0.4164, 0.4004, 0.3718, 0.3656, 0.3505, 0.3065, 0.3772, 0.2936, 0.2833, 0.2751, 0.2628, 0.2765, 0.3053, 0.2655, 0.266, 0.2555, 0.2729, 0.2826, 0.2707, 0.2797, 0.2877, 0.3238, 0.3352, 0.3652, 0.3967, 0.3735, 0.3816, 0.42, 0.44, 0.4631, 0.4485, 0.4945, 0.5168, 0.5662, 0.4846, 0.539, 0.5407, 0.5874, 0.5606, 0.5289, 0.5298, 0.5489]"
storm,74,266618442.0,Storm,STORM,0.06255151406484816,22.0,0.281437891774338,0.03685351648351649,0.013607982496841467,68.13186813186813,-0.1308891286602636,0.8247899475073646,7.133898129563617,"[0.05195, 0.04879, 0.05366, 0.04273, 0.02983, 0.03774, 0.03341, 0.03717, 0.04435, 0.03942, 0.03557, 0.03475, 0.03503, 0.03984, 0.03913, 0.03464, 0.03995, 0.03854, 0.04361, 0.03489, 0.02935, 0.02659, 0.02849, 0.02718, 0.02595, 0.03098, 0.03072, 0.02997, 0.0306, 0.03092, 0.03096, 0.02761, 0.02975, 0.02577, 0.02085, 0.01957, 0.01665, 0.01671, 0.01814, 0.02651, 0.02473, 0.01972, 0.01902, 0.02071, 0.01971, 0.01807, 0.01983, 0.01945, 0.02664, 0.02513, 0.06782, 0.05137, 0.05296, 0.04459, 0.03771, 0.04131, 0.03695, 0.03612, 0.03368, 0.03008, 0.03092, 0.03204, 0.02992, 0.02825, 0.0268, 0.02781, 0.02989, 0.02818, 0.02872, 0.03014, 0.03338, 0.0342, 0.03578, 0.03887, 0.0362, 0.03557, 0.03948, 0.04068, 0.04865, 0.05772, 0.05356, 0.05632, 0.06431, 0.06425, 0.066, 0.06221, 0.06705, 0.06717, 0.06566, 0.06517, 0.0649]"
dragonchain,75,266496123.0,Dragonchain,DRGN,0.06252281673021705,0.0,0.0,1.1808703296703296,0.38527857439637403,64.83516483516483,-0.6930405420809542,0.4136421713748958,6.035668498855494,"[1.98, 1.88, 2.01, 1.61, 1.3, 1.58, 1.44, 1.53, 1.58, 1.46, 1.37, 1.6, 1.54, 1.99, 1.94, 1.91, 2.01, 1.81, 1.86, 1.54, 1.41, 1.29, 1.46, 1.32, 1.37, 1.4, 1.31, 1.18, 1.44, 1.53, 1.48, 1.68, 1.68, 1.47, 1.26, 1.11, 1.17, 1.04, 1.13, 1.06, 1.04, 0.8596, 0.7859, 0.8192, 0.6639, 0.7957, 0.9365, 0.9394, 0.9152, 0.9004, 0.9015, 0.8668, 0.8591, 0.8139, 0.7417, 0.7356, 0.6076, 0.5838, 0.6115, 0.577, 0.6004, 0.8245, 0.7824, 0.7191, 0.6927, 0.7076, 0.7811, 0.7197, 0.7091, 0.7312, 0.8562, 0.8365, 0.868, 0.965, 0.9373, 0.9641, 1.19, 1.16, 1.25, 1.22, 1.33, 1.33, 1.4, 1.15, 1.21, 1.12, 1.17, 1.16, 1.19, 1.11, 1.09]"
ethos,76,265453686.0,Ethos,ETHOS,0.062278249954647875,6.0,0.07675578866572855,3.323406593406594,1.0518870743094926,60.43956043956044,-0.2718418622215486,0.565936831753763,6.435587982799706,"[3.08, 4.58, 5.82, 3.74, 2.74, 4.59, 4.41, 4.88, 2.55, 4.48, 3.01, 4.35, 3.62, 4.25, 4.49, 4.54, 4.11, 3.86, 4.65, 6.02, 3.71, 3.3, 3.85, 3.24, 3.73, 3.92, 4.39, 3.36, 4.78, 4.71, 5.39, 5.65, 5.45, 4.39, 4.01, 3.52, 3.64, 3.07, 3.24, 3.11, 3.08, 2.35, 2.21, 2.88, 2.5, 2.15, 2.58, 2.98, 3.0, 2.55, 2.57, 2.45, 3.6, 5.84, 2.78, 2.66, 2.05, 2.24, 2.25, 2.24, 2.27, 2.74, 2.48, 1.66, 1.77, 1.84, 1.92, 1.62, 1.69, 2.25, 2.58, 2.02, 2.67, 2.3, 2.2, 2.17, 1.79, 2.84, 3.27, 3.21, 2.95, 3.08, 3.59, 3.52, 3.75, 3.38, 3.31, 3.34, 4.3, 3.35, 3.38]"
waykichain,77,258046866.0,WaykiChain,WICC,0.06054053143101401,1.0,0.012792631444288091,0.5954516483516483,0.36585007779192813,83.51648351648352,3.7284291512383243,2.018154549785896,3.0616839814134478,"[0.366, 0.3597, 0.3897, 0.3344, 0.2679, 0.3408, 0.3259, 0.3503, 0.3837, 0.3719, 0.3585, 0.3764, 0.3853, 0.4398, 0.5122, 0.4885, 0.526, 0.4584, 0.5002, 0.4799, 0.4429, 0.4013, 0.423, 0.4178, 0.4011, 0.4302, 0.449, 0.4363, 0.4598, 0.4584, 0.4588, 0.4808, 0.4915, 0.4404, 0.4025, 0.3543, 0.372, 0.3563, 0.3826, 0.3781, 0.3766, 0.3425, 0.3663, 0.3582, 0.3361, 0.3485, 0.3753, 0.3913, 0.391, 0.3796, 0.3877, 0.3851, 0.379, 0.3805, 0.3806, 0.399, 0.3796, 0.3834, 0.4697, 0.441, 0.4256, 0.4446, 0.4241, 0.4443, 0.4701, 0.5063, 0.5779, 0.6064, 0.8534, 0.6949, 0.838, 0.865, 0.9049, 1.14, 1.21, 1.04, 1.11, 1.03, 0.7998, 0.8445, 0.8606, 1.11, 1.05, 0.9921, 1.12, 1.06, 1.33, 1.67, 1.8, 1.86, 2.0]"
reddcoin,78,255204867.0,ReddCoin,RDD,0.05987376832532913,0.0,0.0,0.006694560439560441,0.0018382956285036504,61.53846153846154,-0.9716098214242606,0.19112429733060543,5.479307587534646,"[0.007292, 0.007363, 0.007679, 0.006492, 0.004995, 0.006084, 0.005846, 0.006196, 0.006697, 0.006513, 0.006144, 0.006773, 0.006494, 0.007683, 0.007927, 0.007845, 0.008323, 0.0075, 0.007492, 0.01002, 0.009433, 0.008666, 0.00987, 0.01068, 0.01009, 0.01012, 0.009535, 0.008268, 0.009181, 0.009055, 0.008714, 0.008398, 0.008581, 0.007944, 0.006851, 0.006522, 0.006107, 0.00607, 0.006681, 0.006308, 0.006687, 0.00567, 0.005457, 0.005218, 0.00473, 0.004683, 0.005433, 0.00562, 0.005614, 0.005409, 0.005093, 0.005043, 0.005253, 0.004728, 0.004373, 0.004537, 0.004122, 0.003907, 0.003889, 0.003691, 0.004245, 0.004535, 0.003953, 0.003871, 0.003915, 0.004012, 0.004018, 0.004074, 0.004604, 0.004954, 0.005549, 0.005529, 0.005776, 0.006283, 0.005898, 0.005783, 0.007371, 0.00797, 0.007989, 0.007595, 0.007765, 0.007892, 0.008401, 0.007099, 0.008168, 0.008313, 0.008884, 0.009031, 0.009063, 0.008896, 0.01018]"
dentacoin,79,254214683.0,Dentacoin,DCN,0.059641460657719296,0.0,0.0,0.0006642527472527473,0.0002968638861297497,59.34065934065934,-1.063221876479136,0.38282678254481955,5.958557992878491,"[0.001165, 0.001222, 0.001399, 0.00116, 0.000926, 0.001004, 0.000952, 0.001079, 0.001225, 0.001152, 0.00104, 0.001095, 0.000986, 0.001093, 0.001111, 0.001056, 0.001053, 0.001003, 0.000946, 0.00094, 0.000826, 0.000841, 0.000858, 0.000799, 0.000809, 0.000788, 0.00076, 0.000642, 0.000693, 0.000679, 0.000633, 0.000627, 0.000615, 0.000595, 0.000519, 0.000454, 0.000502, 0.00053, 0.000583, 0.00053, 0.000515, 0.00048, 0.00048, 0.000446, 0.000416, 0.000425, 0.000409, 0.000408, 0.000411, 0.000391, 0.000404, 0.000395, 0.000387, 0.000374, 0.000332, 0.000349, 0.000278, 0.00029, 0.000298, 0.000289, 0.000286, 0.000327, 0.000302, 0.000286, 0.000299, 0.000299, 0.000312, 0.000301, 0.000312, 0.000323, 0.000365, 0.00036, 0.00035, 0.000377, 0.000424, 0.000555, 0.000528, 0.000588, 0.000739, 0.000811, 0.001122, 0.000985, 0.000941, 0.000833, 0.000907, 0.000842, 0.000848, 0.000837, 0.000762, 0.000766, 0.000793]"
pundi-x,80,249834167.0,Pundi X,NPXS,0.058613745147382275,0.0,0.0,0.00045489010989010993,0.0013743912174826332,90.10989010989012,5.292622958261152,2.69668131308691,3.299777573126859,"[0.0, 0.0, 0.0, 0.0, 0.0, 0.0, 0.0, 0.0, 0.0, 0.0, 0.0, 0.0, 0.0, 0.0, 0.0, 0.0, 0.0, 0.0, 0.0, 0.0, 0.0, 0.0, 0.0, 0.0, 0.0, 0.0, 0.0, 0.0, 0.0, 0.0, 0.0, 0.0, 0.0, 0.0, 0.0, 0.0, 0.0, 0.0, 0.0, 0.0, 0.0, 0.0, 0.0, 0.0, 0.0, 0.0, 0.0, 0.0, 0.0, 0.0, 0.0, 0.0, 0.0, 0.0, 0.0, 0.0, 0.0, 0.0, 0.0, 0.0, 0.0, 0.0, 0.0, 0.0, 0.0, 0.0, 0.0, 0.0, 0.0, 0.0, 0.0, 0.0, 0.0, 0.0, 0.0, 0.0, 0.0, 0.0, 0.0, 0.0, 0.0, 0.0, 0.004776, 0.004423, 0.004743, 0.004696, 0.004849, 0.004694, 0.004241, 0.004568, 0.004405]"
elastos,81,249485563.0,Elastos,ELA,0.05853195895192824,1.0,0.012792631444288091,44.76703296703296,19.177737178421946,76.92307692307693,0.5513123912358586,-0.09931916092228416,1.4420128697802506,"[0.0, 0.0, 0.0, 0.0, 0.0, 0.0, 51.81, 54.39, 57.19, 52.92, 48.18, 49.98, 48.47, 55.02, 55.61, 55.92, 62.42, 61.03, 66.09, 64.94, 62.31, 70.44, 89.31, 81.12, 74.97, 80.61, 80.69, 78.91, 82.96, 78.87, 77.39, 78.18, 68.37, 61.1, 45.89, 48.41, 50.52, 47.01, 50.99, 48.28, 47.58, 42.4, 43.54, 43.83, 38.45, 35.98, 40.05, 41.7, 39.9, 38.75, 38.12, 36.99, 35.7, 32.63, 30.48, 33.18, 29.65, 27.98, 27.81, 25.0, 26.76, 28.16, 25.62, 27.18, 28.59, 37.94, 33.35, 33.12, 33.74, 34.38, 39.74, 38.67, 38.69, 40.71, 39.19, 35.98, 37.22, 39.19, 43.51, 44.61, 44.28, 44.81, 47.2, 40.41, 42.67, 40.8, 44.96, 51.87, 46.35, 47.27, 46.81]"
nxt,82,244287454.0,Nxt,NXT,0.05731242745296271,4.0,0.051170525777152365,0.17733406593406592,0.04164957480299622,63.73626373626373,-0.9670718076286886,0.09446790762168215,5.250395211184817,"[0.2392, 0.2247, 0.2308, 0.1987, 0.1539, 0.1715, 0.1612, 0.1785, 0.2004, 0.193, 0.1787, 0.199, 0.1918, 0.2184, 0.2576, 0.2525, 0.2675, 0.2431, 0.2663, 0.2376, 0.2221, 0.2007, 0.2107, 0.2015, 0.2085, 0.2108, 0.2096, 0.188, 0.2031, 0.1974, 0.1969, 0.1988, 0.1962, 0.1808, 0.1777, 0.1688, 0.161, 0.1521, 0.1625, 0.1561, 0.1546, 0.1377, 0.1358, 0.1356, 0.1268, 0.127, 0.1377, 0.1469, 0.1432, 0.1392, 0.1381, 0.1365, 0.1426, 0.1341, 0.1291, 0.1302, 0.1151, 0.112, 0.1136, 0.1087, 0.1163, 0.1257, 0.117, 0.1155, 0.1128, 0.1158, 0.1226, 0.1198, 0.1283, 0.1408, 0.1605, 0.1596, 0.1641, 0.1939, 0.1836, 0.1832, 0.2021, 0.2081, 0.2098, 0.2006, 0.1969, 0.2029, 0.2271, 0.1856, 0.206, 0.2005, 0.211, 0.2124, 0.2202, 0.2376, 0.2449]"
factom,83,244101158.0,Factom,FCT,0.057268720435635585,0.0,0.0,26.89351648351649,4.560508062506833,64.83516483516483,-0.8147751413596316,-0.055623157717010374,5.00143171801089,"[31.18, 29.56, 32.03, 26.81, 21.38, 26.41, 23.29, 25.87, 28.2, 27.07, 25.72, 28.73, 29.8, 31.21, 32.35, 33.33, 35.54, 32.42, 32.94, 29.09, 27.94, 27.96, 29.44, 27.87, 29.84, 32.89, 34.28, 31.54, 34.11, 36.46, 35.39, 35.76, 32.78, 29.74, 27.92, 25.51, 25.87, 25.17, 26.95, 26.25, 26.58, 23.03, 22.01, 23.56, 21.08, 20.47, 23.12, 23.3, 26.11, 25.42, 23.5, 22.47, 23.6, 24.38, 23.85, 23.35, 19.44, 17.63, 19.21, 19.25, 20.86, 21.68, 19.28, 19.67, 19.1, 20.47, 20.79, 19.84, 20.4, 21.11, 26.34, 25.55, 25.66, 27.18, 26.28, 26.86, 29.25, 29.96, 30.48, 30.68, 30.51, 30.18, 30.34, 27.67, 29.93, 29.51, 30.27, 30.9, 29.94, 29.09, 29.57]"
gxchain,84,239083200.0,GXChain,GXS,0.05609145427182754,0.0,0.0,3.46989010989011,0.779115438843977,60.43956043956044,-1.2129565863976939,0.3375377456497931,5.845246650481278,"[4.17, 4.38, 4.87, 4.24, 3.41, 3.89, 3.85, 4.19, 4.53, 4.73, 4.64, 4.8, 4.52, 4.87, 4.84, 4.96, 5.02, 4.61, 4.89, 4.57, 4.08, 4.04, 4.19, 3.97, 3.88, 4.14, 4.08, 3.95, 4.15, 3.94, 3.85, 3.92, 3.79, 3.54, 3.17, 2.92, 2.94, 2.78, 3.06, 2.84, 2.94, 2.76, 2.67, 2.64, 2.47, 2.43, 2.65, 2.76, 2.82, 2.67, 2.76, 2.68, 2.69, 2.77, 2.73, 2.84, 2.57, 2.65, 2.67, 2.58, 2.64, 2.77, 2.54, 2.55, 2.51, 2.53, 2.5, 2.43, 2.5, 2.61, 2.9, 2.96, 2.93, 3.05, 2.86, 2.87, 3.04, 3.33, 3.76, 3.65, 3.63, 3.66, 3.84, 3.36, 3.61, 3.5, 3.97, 4.32, 4.02, 3.97, 3.99]"
bancor,85,236869894.0,Bancor,BNT,0.05557218921142781,21.0,0.2686452603300499,4.036483516483516,1.1371067716656402,68.13186813186813,-1.1901691635473826,-0.06641539196433328,5.0685506198127985,"[6.5, 5.85, 6.06, 5.14, 4.18, 4.8, 4.6, 4.9, 5.33, 5.08, 4.91, 5.16, 5.06, 5.48, 5.63, 5.57, 5.85, 5.5, 5.7, 5.47, 5.23, 4.86, 5.17, 4.89, 4.97, 5.03, 5.1, 4.93, 5.17, 5.03, 5.09, 5.09, 4.96, 4.77, 4.36, 4.03, 4.1, 3.89, 3.99, 3.92, 3.82, 3.47, 3.34, 3.35, 3.09, 3.0, 3.08, 3.13, 3.17, 3.05, 3.1, 3.02, 3.02, 2.76, 2.58, 2.55, 2.29, 2.3, 2.3, 2.23, 2.23, 2.46, 2.29, 2.28, 2.22, 2.3, 2.38, 2.4, 2.5, 2.68, 3.08, 3.07, 3.17, 3.26, 3.17, 3.21, 3.33, 3.63, 3.96, 3.9, 4.03, 4.38, 4.82, 4.27, 4.6, 4.5, 4.78, 4.7, 4.52, 4.58, 4.62]"
salt,86,231233470.0,SALT,SALT,0.05424982436499514,22.0,0.281437891774338,3.4509890109890113,0.939780258329135,67.03296703296702,-1.0243088269804077,0.05040753203151512,5.197734548631497,"[5.19, 4.79, 5.34, 4.38, 3.56, 4.32, 4.12, 4.33, 4.69, 4.44, 3.92, 4.34, 4.07, 4.35, 4.85, 5.43, 5.35, 4.7, 4.72, 4.32, 3.92, 3.9, 4.23, 4.53, 4.22, 4.14, 4.12, 3.91, 4.08, 4.53, 4.45, 4.32, 4.2, 3.89, 3.38, 3.11, 3.18, 2.9, 3.17, 3.02, 3.09, 2.81, 2.72, 2.66, 2.35, 2.37, 2.45, 2.64, 2.83, 2.94, 3.03, 3.18, 3.08, 2.67, 2.53, 2.66, 2.1, 2.0, 2.04, 1.95, 2.06, 2.23, 1.98, 1.99, 1.91, 1.99, 2.06, 2.04, 2.18, 2.34, 2.57, 2.67, 2.76, 2.95, 2.74, 2.75, 3.15, 3.42, 3.57, 3.37, 3.62, 3.66, 4.05, 3.41, 3.69, 3.67, 4.07, 4.39, 4.03, 4.05, 4.16]"
gifto,87,227806458.0,Gifto,GTO,0.05344581100526512,0.0,0.0,0.3100021978021978,0.11104175927488709,70.32967032967034,-0.12953646730859303,0.8490471630476183,4.69824652469763,"[0.2717, 0.2832, 0.2972, 0.2527, 0.1992, 0.2527, 0.2519, 0.2764, 0.2852, 0.2511, 0.3746, 0.384, 0.3485, 0.3462, 0.5602, 0.5799, 0.5691, 0.469, 0.486, 0.4024, 0.4486, 0.3846, 0.3907, 0.3999, 0.3892, 0.4021, 0.4032, 0.3912, 0.4155, 0.4108, 0.3976, 0.3969, 0.3612, 0.3336, 0.2928, 0.2605, 0.2519, 0.245, 0.2704, 0.2468, 0.2459, 0.2662, 0.2464, 0.2405, 0.2438, 0.2359, 0.2423, 0.2492, 0.2656, 0.2615, 0.2582, 0.2566, 0.2584, 0.2318, 0.22, 0.2229, 0.1811, 0.1915, 0.1858, 0.1737, 0.1733, 0.1878, 0.1598, 0.163, 0.1654, 0.1709, 0.1807, 0.1735, 0.1795, 0.1843, 0.2244, 0.2228, 0.2287, 0.2423, 0.2443, 0.2599, 0.2785, 0.3012, 0.2909, 0.283, 0.2995, 0.3484, 0.3767, 0.3103, 0.4354, 0.5737, 0.5748, 0.542, 0.4816, 0.5147, 0.5279]"
funfair,88,226468339.0,FunFair,FUN,0.05313187409669621,0.0,0.0,0.045710989010989,0.010349901104262354,62.637362637362635,-0.7441901742011807,0.18274265360891728,5.458184930874711,"[0.07192, 0.05975, 0.06291, 0.0546, 0.03892, 0.05135, 0.05653, 0.05655, 0.06111, 0.05754, 0.05252, 0.0552, 0.05145, 0.0553, 0.0574, 0.05811, 0.0658, 0.05812, 0.06277, 0.05641, 0.0506, 0.049, 0.0526, 0.05114, 0.0512, 0.05203, 0.0521, 0.0518, 0.0575, 0.06552, 0.06311, 0.06066, 0.06164, 0.05382, 0.049, 0.04229, 0.0448, 0.04301, 0.0475, 0.0444, 0.04412, 0.0365, 0.0372, 0.03815, 0.0366, 0.0353, 0.0377, 0.03951, 0.0407, 0.03958, 0.04076, 0.04014, 0.0417, 0.0377, 0.03601, 0.0377, 0.0315, 0.02968, 0.03034, 0.02993, 0.03, 0.03215, 0.0294, 0.0297, 0.02931, 0.0299, 0.0302, 0.0292, 0.02947, 0.0328, 0.035, 0.03741, 0.04067, 0.04211, 0.0404, 0.03836, 0.0429, 0.0445, 0.04699, 0.0448, 0.0466, 0.0477, 0.051, 0.0421, 0.0462, 0.0446, 0.0463, 0.04651, 0.04794, 0.0474, 0.04928]"
wax,89,225975643.0,WAX,WAX,0.05301628238990161,3.0,0.038377894332864274,0.2686120879120879,0.10686440605951923,67.03296703296702,0.1209702856026067,0.6019360539240248,6.213334301446509,"[0.3793, 0.3097, 0.4154, 0.3409, 0.2392, 0.3003, 0.2988, 0.5944, 0.5663, 0.3744, 0.3113, 0.3313, 0.2777, 0.359, 0.5581, 0.4605, 0.435, 0.373, 0.4194, 0.3515, 0.3248, 0.3116, 0.3115, 0.2979, 0.3304, 0.318, 0.3153, 0.2883, 0.3058, 0.3052, 0.3, 0.3146, 0.3023, 0.2703, 0.2205, 0.1964, 0.1831, 0.1777, 0.1931, 0.1785, 0.1595, 0.1357, 0.1444, 0.1412, 0.1267, 0.1242, 0.1383, 0.1592, 0.1649, 0.159, 0.1618, 0.1634, 0.1596, 0.1467, 0.1395, 0.1602, 0.1471, 0.1449, 0.1409, 0.137, 0.1429, 0.168, 0.1454, 0.1492, 0.1446, 0.1648, 0.1706, 0.1643, 0.1758, 0.1784, 0.211, 0.2175, 0.2432, 0.2738, 0.2598, 0.2851, 0.3345, 0.3877, 0.352, 0.3372, 0.3482, 0.3659, 0.3589, 0.3051, 0.3667, 0.3388, 0.3543, 0.3343, 0.3501, 0.346, 0.3746]"
veritaseum,90,214513754.0,Veritaseum,VERI,0.05032720167359757,0.0,0.0,175.93032967032968,74.891045026532,67.03296703296702,-0.8222466917770697,0.6464095010254207,6.617281932605391,"[345.81, 343.12, 363.94, 313.6, 254.24, 281.87, 264.07, 285.99, 280.91, 286.56, 266.47, 255.84, 254.46, 315.68, 290.38, 277.95, 304.17, 267.51, 264.68, 269.03, 247.16, 229.46, 220.81, 223.43, 234.87, 240.92, 235.63, 210.82, 223.83, 203.3, 217.84, 217.43, 196.78, 187.23, 177.52, 173.94, 176.91, 159.76, 176.48, 148.83, 152.06, 127.29, 121.88, 111.74, 100.59, 104.25, 106.15, 108.12, 104.0, 129.83, 228.91, 207.72, 196.99, 172.34, 146.8, 142.64, 131.9, 124.94, 139.15, 126.33, 118.08, 123.04, 102.64, 93.57, 91.49, 94.21, 104.48, 90.98, 86.23, 98.17, 94.82, 105.3, 103.89, 116.19, 101.24, 103.93, 110.65, 117.14, 121.17, 119.92, 132.35, 122.6, 125.53, 110.83, 120.67, 98.95, 99.97, 109.69, 104.51, 102.3, 112.26]"
fusion,91,211371733.0,Fusion,FSN,0.0495900502248859,22.0,0.281437891774338,0.019999999999999997,3.469446951953614e-18,100.0,-2.0,1.0,6.231921332544741,"[0.02, 0.02, 0.02, 0.02, 0.02, 0.02, 0.02, 0.02, 0.02, 0.02, 0.02, 0.02, 0.02, 0.02, 0.02, 0.02, 0.02, 0.02, 0.02, 0.02, 0.02, 0.02, 0.02, 0.02, 0.02, 0.02, 0.02, 0.02, 0.02, 0.02, 0.02, 0.02, 0.02, 0.02, 0.02, 0.02, 0.02, 0.02, 0.02, 0.02, 0.02, 0.02, 0.02, 0.02, 0.02, 0.02, 0.02, 0.02, 0.02, 0.02, 0.02, 0.02, 0.02, 0.02, 0.02, 0.02, 0.02, 0.02, 0.02, 0.02, 0.02, 0.02, 0.02, 0.02, 0.02, 0.02, 0.02, 0.02, 0.02, 0.02, 0.02, 0.02, 0.02, 0.02, 0.02, 0.02, 0.02, 0.02, 0.02, 0.02, 0.02, 0.02, 0.02, 0.02, 0.02, 0.02, 0.02, 0.02, 0.02, 0.02, 0.02]"
zcoin,92,204843359.0,ZCoin,XZC,0.048058424449045574,1.0,0.012792631444288091,43.49241758241758,11.514711788051349,59.34065934065934,-0.9684209755650897,0.15840085022397726,5.400401744032242,"[54.46, 57.57, 62.88, 48.82, 37.39, 51.04, 44.96, 49.81, 52.87, 53.75, 49.56, 55.19, 51.56, 61.2, 61.69, 58.45, 65.05, 67.95, 65.01, 67.2, 61.52, 50.19, 54.21, 52.95, 53.51, 52.85, 58.47, 55.13, 53.59, 57.81, 56.97, 58.52, 53.2, 52.61, 44.77, 42.6, 46.12, 37.34, 46.01, 44.21, 42.92, 35.25, 33.79, 36.32, 32.73, 31.43, 37.96, 41.34, 37.91, 38.05, 45.28, 36.52, 41.82, 38.66, 37.71, 31.85, 31.68, 28.48, 28.89, 32.98, 29.34, 33.81, 26.79, 26.26, 26.03, 27.13, 28.25, 26.31, 28.44, 27.92, 27.16, 28.14, 26.96, 25.94, 28.3, 28.64, 29.34, 40.73, 41.41, 40.74, 43.76, 45.29, 47.02, 40.29, 44.56, 44.78, 45.6, 43.87, 43.94, 43.05, 47.45]"
enigma-project,93,204211447.0,Enigma,ENG,0.04791017119222193,0.0,0.0,2.1851648351648354,0.5976186491002815,62.637362637362635,-1.1285440170779786,0.12752365406477909,5.320006889441753,"[2.91, 2.73, 2.99, 2.48, 1.88, 2.37, 2.18, 2.63, 3.26, 2.87, 2.65, 3.26, 2.98, 3.16, 3.23, 3.39, 3.4, 3.01, 3.16, 2.69, 2.61, 2.37, 2.56, 2.43, 2.51, 2.58, 2.6, 2.47, 2.62, 2.66, 2.72, 2.63, 2.62, 2.34, 2.03, 1.81, 1.89, 1.72, 1.82, 1.83, 1.85, 1.56, 1.42, 1.45, 1.29, 1.22, 1.34, 1.55, 1.72, 1.88, 1.9, 1.99, 1.98, 1.73, 1.65, 1.63, 1.48, 1.46, 1.44, 1.36, 1.48, 1.51, 1.39, 1.31, 1.26, 1.34, 1.47, 1.37, 1.44, 1.51, 1.71, 1.72, 1.85, 1.93, 1.87, 1.83, 2.08, 2.24, 2.49, 2.54, 2.54, 2.49, 2.72, 2.25, 2.5, 2.47, 2.53, 2.87, 2.73, 2.75, 2.71]"
power-ledger,94,203874758.0,Power Ledger,POWR,0.04783118038213018,0.0,0.0,0.5000813186813188,0.15398308449420342,61.53846153846154,-0.8874304025997604,0.3794490037935195,5.9498182889933515,"[0.7466, 0.7167, 0.7505, 0.6236, 0.4826, 0.5792, 0.6471, 0.6712, 0.7365, 0.7562, 0.6892, 0.7412, 0.7343, 0.7972, 0.794, 0.8304, 0.8381, 0.7376, 0.7659, 0.6846, 0.6279, 0.5882, 0.6136, 0.5714, 0.5791, 0.6052, 0.5921, 0.5567, 0.5748, 0.5594, 0.6006, 0.5897, 0.5645, 0.5111, 0.4418, 0.427, 0.4225, 0.3991, 0.4252, 0.4234, 0.4784, 0.408, 0.3894, 0.3757, 0.329, 0.325, 0.3722, 0.3829, 0.3933, 0.3742, 0.3573, 0.3613, 0.3652, 0.3336, 0.3318, 0.3333, 0.2885, 0.2765, 0.2795, 0.2647, 0.3003, 0.3392, 0.3204, 0.2996, 0.2863, 0.3002, 0.3204, 0.3, 0.3121, 0.3234, 0.3731, 0.3803, 0.4191, 0.4321, 0.4208, 0.4252, 0.4695, 0.4765, 0.5096, 0.4851, 0.5016, 0.509, 0.5971, 0.4992, 0.5564, 0.5227, 0.5544, 0.589, 0.5508, 0.5583, 0.5599]"
neblio,95,202040537.0,Neblio,NEBL,0.04740085268304499,0.0,0.0,11.88142857142857,2.919009530731675,61.53846153846154,-0.7050741516763077,0.294304584624393,5.736946482878058,"[14.47, 12.97, 14.05, 11.83, 8.71, 11.93, 10.54, 12.37, 12.56, 11.52, 10.57, 11.82, 11.58, 14.35, 18.41, 18.03, 17.69, 16.23, 18.47, 15.51, 15.03, 13.21, 14.09, 13.2, 13.67, 14.05, 14.01, 16.01, 15.98, 15.73, 17.11, 16.49, 15.74, 15.27, 13.02, 11.79, 11.96, 11.31, 12.73, 11.86, 11.4, 9.8, 10.4, 9.77, 8.81, 8.57, 9.06, 9.5, 9.68, 9.38, 11.97, 10.92, 11.99, 11.3, 9.89, 9.7, 7.95, 7.7, 7.84, 7.34, 7.7, 8.06, 7.07, 7.34, 7.46, 7.42, 8.33, 7.47, 7.95, 8.41, 9.41, 9.61, 10.18, 10.72, 9.95, 9.67, 10.51, 11.49, 12.12, 11.46, 11.51, 13.03, 13.42, 11.5, 13.23, 12.12, 13.77, 15.85, 15.07, 15.29, 15.25]"
nucleus-vision,96,197890829.0,Nucleus Vision,NCASH,0.046427287177298715,0.0,0.0,0.024085604395604397,0.01701006322764064,53.84615384615385,-1.3369610031929045,-0.4850395689949493,5.001160682179432,"[0.0, 0.0, 0.0, 0.0, 0.0, 0.0, 0.0, 0.0, 0.0, 0.0, 0.0, 0.0, 0.0, 0.0, 0.0, 0.0, 0.0, 0.0, 0.0, 0.0, 0.0, 0.0, 0.0, 0.0, 0.0, 0.0, 0.0, 0.0, 0.03552, 0.03512, 0.03256, 0.03382, 0.03169, 0.03027, 0.02611, 0.02264, 0.02554, 0.02463, 0.03073, 0.03584, 0.04452, 0.03057, 0.0339, 0.03073, 0.02641, 0.03015, 0.03268, 0.03613, 0.0352, 0.03298, 0.03833, 0.03701, 0.03626, 0.03383, 0.03108, 0.03375, 0.02892, 0.02748, 0.02805, 0.02563, 0.02674, 0.0281, 0.02678, 0.02709, 0.02568, 0.02829, 0.02954, 0.02763, 0.02989, 0.03175, 0.03488, 0.04092, 0.04164, 0.04389, 0.04218, 0.04325, 0.04005, 0.03993, 0.03888, 0.04003, 0.04244, 0.04323, 0.04567, 0.0402, 0.04363, 0.04031, 0.04292, 0.04562, 0.04717, 0.04729, 0.04809]"
chainlink,97,192677800.0,ChainLink,LINK,0.04520425528810194,0.0,0.0,0.4735043956043957,0.12320988874264666,67.03296703296702,-0.5901389293787216,0.36080933316208624,5.903153439287418,"[0.5126, 0.4951, 0.5233, 0.4281, 0.348, 0.4224, 0.3727, 0.413, 0.4327, 0.4208, 0.415, 0.4895, 0.572, 0.5676, 0.561, 0.6395, 0.6732, 0.7474, 0.7731, 0.6874, 0.6527, 0.5993, 0.6774, 0.6506, 0.679, 0.6943, 0.7092, 0.6617, 0.6622, 0.6525, 0.6314, 0.5942, 0.5828, 0.534, 0.5198, 0.4852, 0.4785, 0.4671, 0.5132, 0.5092, 0.5642, 0.4407, 0.4195, 0.424, 0.3725, 0.3722, 0.3866, 0.3932, 0.4445, 0.4202, 0.4148, 0.413, 0.4071, 0.3704, 0.3431, 0.3527, 0.2793, 0.2876, 0.2801, 0.2629, 0.2748, 0.2955, 0.2913, 0.2866, 0.2757, 0.3055, 0.3291, 0.317, 0.3584, 0.3596, 0.3873, 0.3818, 0.3956, 0.425, 0.411, 0.4185, 0.4482, 0.485, 0.4828, 0.4919, 0.5004, 0.4952, 0.5311, 0.4384, 0.4896, 0.4511, 0.4849, 0.5175, 0.546, 0.5482, 0.5686]"
decentraland,98,186085075.0,Decentraland,MANA,0.0436575320851992,0.0,0.0,0.10342197802197803,0.025619123747348083,70.32967032967034,0.5354875315556313,0.8595385457434682,3.3855114455751756,"[0.1, 0.09278, 0.1032, 0.09501, 0.07194, 0.0892, 0.09364, 0.1109, 0.1235, 0.1151, 0.1186, 0.1228, 0.1162, 0.1239, 0.1343, 0.1344, 0.1385, 0.1238, 0.1256, 0.1115, 0.1116, 0.1085, 0.1119, 0.1054, 0.1084, 0.1123, 0.1134, 0.105, 0.1139, 0.112, 0.1113, 0.112, 0.1122, 0.104, 0.0916, 0.08298, 0.0825, 0.07887, 0.08417, 0.0888, 0.09408, 0.08055, 0.08636, 0.09835, 0.0859, 0.0808, 0.0889, 0.09065, 0.09379, 0.0882, 0.0782, 0.09, 0.095, 0.08602, 0.08463, 0.08008, 0.06988, 0.0682, 0.0699, 0.06681, 0.07026, 0.07751, 0.07094, 0.07009, 0.06802, 0.07189, 0.07401, 0.073, 0.0767, 0.078, 0.08738, 0.0916, 0.09697, 0.1028, 0.09504, 0.1021, 0.1099, 0.1088, 0.1173, 0.1173, 0.1638, 0.1484, 0.1469, 0.1257, 0.1423, 0.1337, 0.1504, 0.1519, 0.1558, 0.1865, 0.1744]"
kin,99,181121659.0,Kin,KIN,0.04249306205302607,1.0,0.012792631444288091,0.00022671098901098897,6.031805708997737e-05,64.83516483516483,-1.1649149450463143,-0.08807618570334566,5.004260484412397,"[0.0003079, 0.0003119, 0.0003398, 0.0002814, 0.0002294, 0.0002748, 0.0002631, 0.0002766, 0.0002985, 0.0002893, 0.0002758, 0.0002942, 0.0002859, 0.0003128, 0.0003155, 0.0003189, 0.0003314, 0.0003107, 0.0003195, 0.0003011, 0.0002856, 0.0002736, 0.0002906, 0.0002834, 0.0002857, 0.000295, 0.0002963, 0.0002895, 0.0002697, 0.0002481, 0.0002567, 0.0002767, 0.0002718, 0.0002692, 0.0002404, 0.0002096, 0.0002181, 0.0002183, 0.0002305, 0.0002161, 0.0002208, 0.0001962, 0.0001832, 0.0001862, 0.0001704, 0.0001666, 0.0001722, 0.0001784, 0.0001736, 0.0001728, 0.000174, 0.0001821, 0.0001883, 0.000175, 0.0001705, 0.0001784, 0.0001804, 0.0001812, 0.0001813, 0.0001629, 0.0001731, 0.0001705, 0.0001515, 0.0001449, 0.0001296, 0.000127, 0.0001202, 0.0001157, 0.0001122, 0.0001205, 0.0001284, 0.0001386, 0.0001508, 0.0001816, 0.0001535, 0.000166, 0.0001788, 0.0002439, 0.0002407, 0.0002118, 0.0002113, 0.0002641, 0.0002884, 0.0002471, 0.0002514, 0.0002509, 0.0002664, 0.000255, 0.0002211, 0.0002281, 0.0002297]"
